Date;BTC - Price;ETH - Price;MANA - Price;DJI - Price;NQZ25 - Price;SPVIXETR - Price;XAG - Price;XAU - Price;XU100 - Price
5.12.2025;89,333.6;3,021.84;0.1515;47,954.99;25,732.00;18,185.748;318.46;4,197.25;11,007.37
4.12.2025;92,082.8;3,133.00;0.1545;47,850.94;25,622.75;18,337.270;319.29;4,208.69;10,918.51
3.12.2025;93,437.2;3,188.79;0.1627;47,882.90;25,657.50;18,452.697;318.01;4,206.22;11,036.82
2.12.2025;91,287.6;2,996.10;0.1593;47,474.46;25,606.00;18,492.678;319.14;4,208.14;11,123.47
1.12.2025;86,309.1;2,800.86;0.1513;47,289.33;25,391.25;18,656.600;324.58;4,232.73;11,116.45
28.11.2025;90,894.7;3,031.22;0.1681;47,716.42;25,482.00;18,694.410;324.59;4,230.63;10,898.70
26.11.2025;90,496.5;3,026.95;0.1689;47,427.12;25,302.25;18,887.189;316.85;4,164.59;10,914.65
25.11.2025;87,366.8;2,960.07;0.169;47,112.45;25,085.50;19,132.580;301.82;4,131.15;10,857.17
24.11.2025;88,296.5;2,953.44;0.1713;46,448.27;24,948.25;19,463.180;299.78;4,139.70;10,888.02
21.11.2025;85,131.0;2,766.76;0.1656;46,245.41;24,305.50;20,267.574;284.12;4,065.90;10,922.86
20.11.2025;86,613.9;2,832.98;0.1783;45,752.26;24,131.50;20,579.883;281.81;4,077.50;10,979.73
19.11.2025;91,544.1;3,025.72;0.189;46,138.77;24,721.75;19,985.355;296.82;4,081.66;10,903.91
18.11.2025;92,962.3;3,123.73;0.198;46,091.74;24,595.75;20,128.977;292.9;4,067.88;10,728.60
17.11.2025;92,195.0;3,030.18;0.1922;46,590.24;24,879.00;19,855.422;289.48;4,044.61;10,698.13
14.11.2025;94,554.3;3,113.03;0.2035;47,147.48;25,094.00;19,426.883;294.43;4,079.58;10,565.74
13.11.2025;99,728.7;3,232.94;0.2119;47,457.22;25,094.75;19,730.789;297.06;4,171.46;10,628.63
12.11.2025;101,658.3;3,413.60;0.2202;48,254.82;25,623.75;19,092.895;305.08;4,198.73;10,640.86
11.11.2025;103,046.7;3,417.56;0.2239;47,927.96;25,640.75;19,018.963;294.99;4,126.68;10,576.45
10.11.2025;106,006.9;3,567.87;0.2382;47,368.63;25,714.50;18,950.145;291.48;4,115.90;10,789.03
7.11.2025;103,325.4;3,435.78;0.2372;46,987.10;25,166.25;19,275.039;278.53;3,999.72;10,924.53
6.11.2025;101,325.7;3,314.43;0.212;46,912.30;25,244.25;19,375.928;271.88;3,977.87;11,073.27
5.11.2025;103,896.7;3,424.74;0.212;47,311.00;25,746.25;19,104.029;272.02;3,982.62;10,970.37
4.11.2025;101,504.3;3,289.11;0.2007;47,085.24;25,575.25;19,579.016;265.03;3,932.05;10,914.10
3.11.2025;106,578.1;3,603.63;0.2089;47,336.68;26,103.25;19,220.082;277.56;4,001.67;11,060.39
31.10.2025;109,602.8;3,848.00;0.2269;47,562.87;26,004.00;19,129.803;279.67;4,002.28;10,971.52
30.10.2025;108,320.1;3,803.00;0.2222;47,522.12;25,882.75;19,008.404;283.8;4,024.47;10,837.30
28.10.2025;112,905.8;3,979.45;0.2358;47,706.37;26,163.50;18,662.322;278.09;3,952.58;10,871.08
27.10.2025;114,108.0;4,120.90;0.2411;47,544.59;25,963.75;18,413.090;274.58;3,981.59;10,853.43
24.10.2025;111,013.1;3,934.75;0.243;47,207.12;25,509.25;18,653.158;285.59;4,112.10;10,941.79
23.10.2025;110,078.9;3,856.73;0.2344;46,734.61;25,254.00;18,859.158;288.0;4,126.17;10,608.26
22.10.2025;107,587.5;3,805.16;0.2288;46,590.41;25,039.25;19,030.367;285.58;4,094.07;10,551.34
21.10.2025;108,340.9;3,874.27;0.2322;46,924.74;25,294.75;18,957.543;283.99;4,125.10;10,467.20
20.10.2025;110,544.0;3,979.43;0.2402;46,706.58;25,305.25;18,903.014;314.03;4,356.50;10,484.39
17.10.2025;106,443.5;3,831.60;0.2277;46,190.61;24,986.50;19,721.666;306.01;4,249.98;10,208.76
16.10.2025;108,204.8;3,894.48;0.2482;45,952.24;24,831.25;20,488.480;329.32;4,326.18;10,370.78
15.10.2025;110,767.4;3,985.52;0.2581;46,253.31;24,924.50;19,729.691;318.47;4,208.58;10,464.48
14.10.2025;113,030.8;4,122.38;0.271;46,270.46;24,762.50;19,656.563;307.11;4,142.31;10,316.40
13.10.2025;115,174.8;4,240.91;0.2843;46,067.58;24,922.25;19,260.207;309.59;4,110.70;10,556.18
10.10.2025;112,878.6;3,829.58;0.2332;45,479.60;24,397.00;19,900.352;295.53;4,018.30;10,720.36
9.10.2025;121,666.3;4,367.94;0.3201;46,358.42;25,289.25;19,107.906;296.18;3,976.29;10,726.98
8.10.2025;123,311.1;4,525.69;0.3246;46,601.78;25,331.00;19,111.826;309.12;4,038.90;10,756.27
7.10.2025;121,356.6;4,447.77;0.3222;46,602.98;25,039.25;19,162.465;300.23;3,983.82;10,814.11
6.10.2025;124,725.1;4,686.20;0.3423;46,694.97;25,184.75;18,949.893;305.05;3,961.09;10,734.87
3.10.2025;122,224.2;4,511.06;0.3453;46,758.28;24,992.00;18,983.828;299.93;3,886.83;10,858.52
2.10.2025;120,566.1;4,484.19;0.3391;46,519.72;25,110.00;19,014.926;299.14;3,856.53;11,082.63
1.10.2025;118,576.2;4,343.80;0.3079;46,441.10;25,017.50;18,892.939;300.76;3,865.80;11,220.22
30.09.2025;114,048.5;4,144.60;0.2888;46,397.89;24,901.75;18,943.133;297.11;3,858.51;11,012.12
29.09.2025;114,357.5;4,215.36;0.2908;46,316.07;24,837.75;18,977.891;294.24;3,833.93;11,048.13
26.09.2025;109,662.2;4,032.30;0.2878;46,247.29;24,726.75;18,842.873;291.23;3,760.24;11,151.20
25.09.2025;109,016.3;3,872.53;0.276;45,947.32;24,629.25;19,303.066;284.86;3,749.37;11,377.55
24.09.2025;113,307.1;4,153.21;0.2925;46,121.28;24,739.25;19,198.051;282.16;3,736.29;11,366.93
23.09.2025;112,002.6;4,164.63;0.289;46,292.78;24,827.25;19,335.428;291.98;3,764.19;11,331.75
22.09.2025;112,673.0;4,199.05;0.2947;46,381.54;25,003.00;19,214.498;291.07;3,746.47;11,468.07
19.09.2025;115,649.0;4,468.66;0.3245;46,315.27;24,866.25;19,047.922;283.7;3,684.98;11,294.48
18.09.2025;117,086.0;4,587.65;0.344;46,142.42;24,705.50;19,047.793;270.81;3,644.36;11,048.11
17.09.2025;116,425.9;4,590.56;0.3496;46,018.32;24,465.25;19,002.473;270.3;3,660.04;11,165.85
16.09.2025;116,795.9;4,501.21;0.3456;45,757.90;24,522.25;19,346.109;271.48;3,689.80;11,182.96
15.09.2025;115,362.1;4,523.56;0.3346;45,883.45;24,550.75;19,077.387;277.84;3,679.13;11,000.26
12.09.2025;116,042.8;4,711.99;0.3337;45,834.22;24,351.00;18,989.826;272.99;3,643.13;10,372.04
11.09.2025;115,490.2;4,458.79;0.325;46,108.00;24,248.25;18,952.500;273.77;3,634.09;10,382.89
10.09.2025;113,963.5;4,348.70;0.3204;45,490.92;24,110.50;19,221.164;269.32;3,640.74;10,586.32
9.09.2025;111,516.5;4,309.63;0.3205;45,711.34;24,108.00;19,191.715;262.81;3,626.48;10,486.09
8.09.2025;112,068.4;4,306.59;0.3261;45,514.95;24,033.00;19,247.879;265.93;3,635.84;10,449.36
5.09.2025;110,652.2;4,306.96;0.3186;45,400.86;23,684.00;19,486.152;261.02;3,586.81;10,729.49
4.09.2025;110,712.7;4,297.66;0.2977;45,621.29;23,668.00;19,416.803;254.66;3,546.17;10,828.93
3.09.2025;111,716.5;4,450.68;0.3116;45,271.23;23,448.75;19,790.672;257.07;3,559.43;10,737.68
2.09.2025;111,218.3;4,325.19;0.3001;45,295.81;23,275.00;19,971.646;255.05;3,533.73;10,877.52
29.08.2025;108,355.6;4,359.20;0.2831;45,544.88;23,461.75;19,619.684;249.08;3,448.00;11,288.05
28.08.2025;112,568.9;4,513.55;0.2961;45,636.90;23,769.00;19,458.568;242.22;3,417.20;11,368.78
27.08.2025;111,255.6;4,506.05;0.2859;45,565.23;23,628.75;19,576.887;243.32;3,397.42;11,359.01
26.08.2025;111,768.6;4,600.77;0.2877;45,418.07;23,591.50;19,471.277;244.06;3,392.88;11,529.81
25.08.2025;110,118.4;4,374.73;0.2746;45,282.47;23,498.25;19,525.945;239.4;3,366.79;11,477.80
22.08.2025;116,928.9;4,831.21;0.307;45,631.74;23,569.75;19,367.680;239.23;3,372.11;11,372.33
21.08.2025;112,481.1;4,224.52;0.2771;44,785.50;23,219.75;20,348.482;234.99;3,338.81;11,313.90
20.08.2025;114,275.0;4,335.37;0.2854;44,938.31;23,324.00;20,205.096;230.27;3,347.11;11,134.73
19.08.2025;112,880.3;4,075.57;0.2722;44,922.27;23,469.50;20,169.641;225.29;3,315.46;10,962.02
18.08.2025;116,203.8;4,311.42;0.2864;44,911.82;23,797.75;20,042.934;231.37;3,330.55;10,929.77
15.08.2025;117,356.3;4,440.05;0.289;44,946.12;23,804.00;20,282.771;231.43;3,335.39;10,870.57
14.08.2025;118,314.2;4,547.35;0.2907;44,911.26;23,930.50;20,148.258;229.37;3,336.50;10,824.55
13.08.2025;123,323.4;4,747.87;0.3201;44,922.27;23,946.50;20,095.637;231.42;3,354.73;10,949.95
12.08.2025;120,146.2;4,590.71;0.3102;44,458.61;23,938.00;20,040.730;231.95;3,346.20;10,954.50
11.08.2025;118,689.6;4,223.42;0.2923;43,975.09;23,637.50;20,356.986;229.26;3,344.83;11,038.32
8.08.2025;116,676.3;4,008.96;0.3032;44,175.61;23,713.75;20,309.764;230.3;3,398.78;10,972.63
7.08.2025;117,480.5;3,909.96;0.2962;43,968.64;23,496.25;20,493.643;229.4;3,397.31;10,956.05
6.08.2025;115,002.1;3,683.36;0.2818;44,193.12;23,422.75;20,398.809;224.93;3,369.04;10,901.01
5.08.2025;114,139.1;3,611.69;0.2778;44,111.74;23,132.00;20,699.803;221.91;3,381.27;10,849.96
4.08.2025;115,055.3;3,720.89;0.2888;44,173.64;23,296.50;20,626.637;215.77;3,373.37;10,853.49
1.08.2025;113,312.1;3,488.36;0.2745;43,588.58;22,883.75;21,123.984;206.5;3,362.88;10,746.98
31.07.2025;115,765.0;3,698.46;0.28;44,130.98;23,365.00;20,495.580;204.21;3,290.32;10,743.20
30.07.2025;117,840.4;3,808.91;0.2946;44,461.28;23,480.50;20,405.164;204.07;3,275.25;10,618.97
29.07.2025;117,950.1;3,793.94;0.3026;44,632.99;23,452.00;20,318.666;211.13;3,326.84;10,487.25
28.07.2025;118,053.9;3,796.91;0.3035;44,837.56;23,491.25;19,936.580;209.32;3,314.64;10,542.09
25.07.2025;117,631.9;3,725.01;0.3171;44,901.92;23,421.25;20,174.553;213.8;3,337.18;10,642.60
24.07.2025;118,310.9;3,704.21;0.3101;44,693.91;23,377.50;20,228.195;212.93;3,368.15;10,689.05
23.07.2025;118,763.0;3,626.81;0.3144;45,010.29;23,310.75;20,348.484;215.21;3,387.78;10,591.98
22.07.2025;119,965.5;3,745.84;0.3555;44,502.44;23,226.25;20,877.570;217.56;3,431.50;10,616.09
21.07.2025;117,388.1;3,761.37;0.3533;44,323.07;23,342.00;20,813.572;211.93;3,395.80;10,616.18
18.07.2025;117,940.3;3,545.58;0.3289;44,342.19;23,224.25;20,864.875;204.73;3,350.40;10,366.16
17.07.2025;119,194.9;3,472.90;0.3284;44,484.49;23,251.00;20,947.832;205.6;3,338.95;10,370.71
16.07.2025;118,683.2;3,373.85;0.3178;44,254.78;23,076.50;20,843.254;207.18;3,346.58;10,121.52
14.07.2025;119,849.5;3,013.63;0.3097;44,459.65;23,035.50;20,621.523;210.3;3,343.80;10,225.48
11.07.2025;117,535.6;2,957.71;0.3044;44,371.51;22,959.00;20,408.959;211.05;3,355.91;10,358.46
10.07.2025;115,993.6;2,951.20;0.3018;44,650.64;23,013.25;20,300.377;207.88;3,323.07;10,331.31
9.07.2025;111,246.0;2,768.27;0.2826;44,458.30;23,052.75;20,369.961;205.92;3,313.72;10,167.26
8.07.2025;108,913.1;2,614.41;0.2682;44,240.76;22,896.75;20,537.094;203.24;3,300.70;9,998.20
7.07.2025;108,269.6;2,542.35;0.264;44,406.36;22,884.75;20,707.281;212.94;3,335.61;10,107.68
3.07.2025;109,600.5;2,590.98;0.2703;44,828.53;23,062.50;20,568.242;210.68;3,326.57;10,228.39
2.07.2025;108,843.7;2,570.23;0.267;44,484.42;22,843.00;20,581.779;209.24;3,357.36;10,189.02
1.07.2025;105,694.3;2,405.26;0.2416;44,494.94;22,692.75;20,617.055;206.04;3,339.21;10,080.35
30.06.2025;107,171.1;2,486.52;0.2535;44,094.77;22,893.25;20,527.123;205.64;3,303.69;9,948.51
27.06.2025;107,044.2;2,422.65;0.2482;43,819.27;22,751.50;20,490.182;200.81;3,274.25;9,404.89
26.06.2025;106,945.9;2,415.71;0.2467;43,386.84;22,669.25;20,438.643;208.4;3,328.06;9,301.05
25.06.2025;107,349.4;2,418.43;0.2562;42,982.43;22,461.00;20,549.723;203.97;3,332.46;9,418.52
24.06.2025;106,078.6;2,448.66;0.2615;43,089.02;22,412.75;20,673.672;203.81;3,324.20;9,448.90
23.06.2025;105,376.9;2,410.48;0.2617;42,581.78;22,073.50;21,386.881;207.78;3,368.88;9,141.31
20.06.2025;103,280.5;2,406.51;0.2479;42,206.82;21,844.75;21,521.561;204.94;3,368.23;9,203.37
18.06.2025;104,894.2;2,525.35;0.2564;42,171.66;21,945.25;21,345.150;207.32;3,369.09;9,196.13
17.06.2025;104,559.8;2,509.59;0.2544;42,215.80;21,956.00;21,582.223;208.82;3,388.74;9,339.59
16.06.2025;106,740.4;2,538.95;0.264;42,515.09;22,168.25;21,050.777;209.32;3,383.20;9,350.01
13.06.2025;106,080.3;2,578.83;0.2666;42,197.79;21,860.75;21,830.412;210.81;3,432.64;9,311.88
12.06.2025;105,703.0;2,643.70;0.2739;42,967.62;22,158.50;21,097.250;207.64;3,385.29;9,520.22
11.06.2025;108,661.2;2,772.11;0.2904;42,865.77;22,112.25;20,981.906;203.16;3,353.84;9,686.11
10.06.2025;110,269.2;2,815.73;0.3039;42,866.87;22,190.00;20,858.803;202.03;3,323.02;9,659.31
5.06.2025;101,521.9;2,414.36;0.2583;42,319.74;21,582.25;21,321.219;207.91;3,354.16;9,486.56
4.06.2025;104,695.6;2,607.13;0.2758;42,427.74;21,766.50;21,029.830;205.01;3,376.54;9,474.96
3.06.2025;105,388.3;2,593.03;0.2825;42,519.64;21,706.00;20,982.834;203.2;3,352.25;9,277.01
2.06.2025;105,845.6;2,606.81;0.284;42,305.48;21,534.50;21,145.859;204.03;3,380.21;9,008.87
30.05.2025;103,981.3;2,531.29;0.271;42,270.07;21,376.75;21,206.975;192.22;3,289.40;9,019.57
29.05.2025;105,600.0;2,632.50;0.294;42,215.73;21,408.50;21,066.525;191.92;3,317.02;9,170.56
28.05.2025;107,786.7;2,681.20;0.3086;42,098.70;21,379.75;20,952.191;192.68;3,289.76;9,177.70
27.05.2025;108,944.0;2,660.88;0.3133;42,343.65;21,460.50;20,692.049;190.9;3,300.68;9,213.58
23.05.2025;107,313.4;2,526.46;0.3131;41,603.07;20,975.00;21,848.350;192.1;3,357.42;9,356.04
22.05.2025;111,702.7;2,663.77;0.3423;41,859.09;21,178.25;21,194.871;187.77;3,295.00;9,475.21
21.05.2025;109,640.1;2,551.42;0.3213;41,860.44;21,156.75;21,264.223;189.33;3,314.99;9,398.93
20.05.2025;106,815.8;2,523.82;0.3227;42,677.24;21,447.25;20,339.025;187.25;3,290.12;9,514.01
16.05.2025;103,480.5;2,537.04;0.336;42,654.74;21,506.00;20,097.594;178.36;3,202.77;9,668.36
15.05.2025;103,765.4;2,548.16;0.3412;42,322.75;21,400.25;19,981.402;178.55;3,240.87;9,541.30
14.05.2025;103,513.9;2,609.68;0.3592;42,051.06;21,392.50;20,100.781;175.36;3,178.75;9,701.55
13.05.2025;104,119.2;2,680.05;0.3765;42,140.43;21,278.00;19,894.234;179.44;3,248.47;9,700.17
12.05.2025;102,795.0;2,495.73;0.3671;42,410.10;20,948.75;20,001.854;179.15;3,234.70;9,747.07
9.05.2025;102,975.1;2,345.27;0.353;41,249.38;20,136.75;21,770.146;192.5;3,324.63;9,390.51
8.05.2025;103,274.3;2,206.13;0.3317;41,368.45;20,148.00;21,928.500;186.09;3,305.52;9,279.21
7.05.2025;97,035.1;1,811.20;0.2982;41,113.97;19,961.00;22,310.012;189.3;3,365.21;9,074.62
6.05.2025;96,825.4;1,816.60;0.2918;40,829.00;19,876.50;22,645.580;191.73;3,430.21;9,134.68
5.05.2025;94,745.2;1,820.34;0.2981;41,218.83;20,055.50;22,168.709;184.42;3,334.50;9,112.19
2.05.2025;96,894.4;1,842.06;0.3165;41,317.43;20,195.25;21,900.652;179.38;3,240.88;9,167.58
30.04.2025;94,184.4;1,793.58;0.3159;40,669.36;19,658.50;22,824.645;187.49;3,288.59;9,078.43
29.04.2025;94,269.8;1,798.47;0.3081;40,527.62;19,642.00;22,596.744;185.38;3,317.18;9,224.84
28.04.2025;94,995.0;1,799.24;0.3195;40,227.59;19,528.00;22,723.865;187.78;3,341.67;9,306.96
25.04.2025;94,676.9;1,785.96;0.3295;40,113.50;19,535.25;22,634.227;186.0;3,319.45;9,432.55
24.04.2025;93,980.3;1,769.53;0.3238;40,093.40;19,322.00;23,224.578;189.39;3,349.10;9,490.90
22.04.2025;93,441.9;1,756.11;0.3114;39,186.98;18,385.00;24,486.732;189.7;3,382.54;9,312.13
21.04.2025;87,516.0;1,579.59;0.3025;38,170.41;17,922.25;25,694.139;193.04;3,424.30;9,321.64
17.04.2025;84,940.0;1,582.73;0.2672;39,142.23;18,380.75;24,367.803;191.49;3,327.54;9,396.02
16.04.2025;84,032.2;1,577.14;0.2663;39,669.39;18,385.25;25,066.174;195.33;3,343.22;9,266.09
15.04.2025;83,647.0;1,588.80;0.2685;40,368.96;18,960.25;23,105.240;190.98;3,227.60;9,393.79
14.04.2025;84,586.4;1,623.73;0.276;40,524.79;18,934.75;23,298.490;189.71;3,209.28;9,423.62
11.04.2025;83,413.1;1,566.77;0.2505;40,212.71;18,807.50;26,274.100;188.01;3,236.21;9,380.95
10.04.2025;79,607.5;1,522.13;0.2409;39,593.66;18,484.50;27,167.783;177.28;3,173.92;9,338.58
9.04.2025;82,607.0;1,669.74;0.228;40,608.45;19,288.75;22,883.939;171.02;3,082.18;9,275.50
8.04.2025;76,312.5;1,473.40;0.2058;37,645.59;17,243.75;27,853.410;156.97;2,983.78;9,477.14
7.04.2025;79,162.5;1,553.01;0.2129;37,965.60;17,563.25;25,600.264;158.42;2,982.54;9,407.17
4.04.2025;83,866.7;1,816.36;0.2425;38,314.86;17,539.00;25,999.898;157.76;3,037.36;9,379.83
3.04.2025;83,159.4;1,816.53;0.2403;40,545.93;18,675.50;23,871.549;174.86;3,112.83;9,484.26
2.04.2025;82,525.0;1,795.59;0.2359;42,225.32;19,758.00;20,845.881;177.92;3,133.57;9,523.31
28.03.2025;84,410.4;1,896.69;0.2574;41,583.90;19,457.00;21,214.869;176.64;3,084.03;9,659.48
27.03.2025;87,228.2;2,003.67;0.2829;42,299.70;19,990.25;20,174.830;178.66;3,056.10;9,612.84
26.03.2025;86,912.0;2,009.59;0.2811;42,454.79;20,116.50;20,181.811;175.24;3,019.29;9,649.53
25.03.2025;87,404.0;2,066.19;0.2826;42,587.50;20,488.50;19,743.414;177.11;3,019.85;9,715.58
24.03.2025;87,490.0;2,078.73;0.2792;42,583.32;20,374.25;19,538.939;174.26;3,012.27;9,299.36
21.03.2025;84,073.3;1,965.58;0.2614;41,985.35;19,450.81;20,315.488;174.22;3,023.63;9,044.64
20.03.2025;84,208.1;1,983.57;0.269;41,953.32;19,678.50;20,418.801;176.52;3,044.41;9,810.94
19.03.2025;86,841.0;2,056.62;0.2777;41,964.63;19,746.75;20,644.225;176.47;3,047.18;9,860.29
18.03.2025;82,719.1;1,932.61;0.269;41,581.31;19,496.75;21,207.871;175.19;3,033.95;10,802.23
17.03.2025;84,019.1;1,926.35;0.2766;41,841.63;19,831.75;20,776.842;174.1;3,001.47;10,862.14
14.03.2025;83,977.1;1,911.62;0.2732;41,488.19;19,712.00;21,460.109;169.38;2,984.42;10,840.59
13.03.2025;81,100.2;1,864.69;0.2714;40,813.57;19,249.00;23,124.076;167.81;2,987.75;10,727.58
12.03.2025;83,664.3;1,908.22;0.2706;41,350.93;19,618.50;22,389.322;163.46;2,932.06;10,580.26
11.03.2025;82,921.1;1,922.28;0.2616;41,433.48;19,399.00;23,038.512;162.15;2,916.04;10,438.33
10.03.2025;78,575.9;1,864.40;0.2474;41,911.71;19,452.75;23,269.477;156.29;2,889.40;10,422.24
7.03.2025;86,531.2;2,141.17;0.2884;42,801.72;20,229.75;21,933.813;161.59;2,910.79;10,507.11
6.03.2025;89,930.9;2,202.39;0.2811;42,579.08;20,089.25;22,718.430;160.62;2,909.99;10,459.08
5.03.2025;90,611.7;2,241.65;0.2907;43,006.59;20,665.00;21,488.760;162.31;2,918.84;10,188.85
4.03.2025;87,266.3;2,170.29;0.2766;42,520.99;20,399.00;21,977.512;155.69;2,917.49;9,898.01
3.03.2025;86,209.7;2,149.11;0.2726;43,191.24;20,468.25;21,843.986;154.42;2,893.71;9,911.07
28.02.2025;84,381.2;2,236.41;0.2959;43,840.91;20,919.50;20,758.850;155.32;2,858.60;9,658.72
27.02.2025;84,714.6;2,307.73;0.2955;43,239.50;20,605.75;21,107.287;154.46;2,876.19;9,741.07
26.02.2025;84,212.7;2,337.98;0.2885;43,433.12;21,187.00;20,504.713;160.49;2,916.19;9,573.21
25.02.2025;88,686.0;2,496.06;0.2867;43,621.16;21,149.00;20,660.707;157.46;2,915.12;9,451.58
24.02.2025;91,508.5;2,510.94;0.2833;43,461.21;21,420.25;20,665.402;159.7;2,951.19;9,574.83
21.02.2025;96,155.6;2,662.35;0.3108;43,428.02;21,679.25;20,703.455;158.57;2,936.03;9,602.16
20.02.2025;98,310.3;2,738.03;0.3277;44,176.65;22,141.75;20,033.295;165.21;2,938.70;9,807.50
19.02.2025;96,644.8;2,716.16;0.3185;44,627.59;22,250.50;19,954.301;162.51;2,932.64;9,763.67
18.02.2025;95,638.0;2,671.36;0.3139;44,556.34;22,232.25;19,990.521;163.22;2,935.58;9,916.89
14.02.2025;97,504.6;2,725.51;0.3389;44,546.08;22,196.25;19,897.557;161.18;2,883.18;9,877.59
13.02.2025;96,610.2;2,675.30;0.3292;44,711.43;22,113.25;19,846.010;167.39;2,929.03;9,914.68
12.02.2025;97,881.3;2,735.91;0.3399;44,368.56;21,804.75;19,961.742;165.68;2,903.66;9,779.57
11.02.2025;95,771.7;2,603.11;0.3251;44,593.65;21,786.75;19,972.936;162.53;2,898.34;9,882.79
10.02.2025;97,434.7;2,661.00;0.3324;44,470.41;21,846.50;19,929.314;165.32;2,907.34;9,845.85
7.02.2025;96,513.5;2,622.81;0.3141;44,303.40;21,590.75;20,211.441;161.02;2,860.39;9,951.65
6.02.2025;96,568.8;2,688.28;0.3099;44,747.63;21,871.75;19,810.426;161.71;2,856.50;9,842.15
5.02.2025;96,595.3;2,785.62;0.3268;44,873.28;21,763.00;19,723.307;162.12;2,865.09;9,719.81
4.02.2025;97,793.4;2,731.76;0.3285;44,556.04;21,670.25;19,916.953;158.06;2,841.94;9,807.10
3.02.2025;101,337.1;2,881.90;0.3527;44,421.91;21,405.00;20,194.334;156.26;2,813.49;9,774.40
31.01.2025;102,424.2;3,298.69;0.4481;44,544.66;21,589.25;20,151.723;153.99;2,801.00;10,004.38
30.01.2025;104,726.9;3,247.22;0.4482;44,882.13;21,624.75;19,742.068;156.06;2,793.88;10,082.10
29.01.2025;103,722.0;3,113.26;0.428;44,713.52;21,523.25;19,665.691;150.05;2,757.71;10,076.99
28.01.2025;101,349.3;3,077.83;0.417;44,850.35;21,581.75;19,637.756;148.91;2,763.11;10,121.77
27.01.2025;102,091.7;3,179.47;0.4493;44,713.58;21,258.50;20,142.898;147.75;2,741.10;9,997.85
24.01.2025;104,862.3;3,311.05;0.4717;44,424.25;21,911.25;19,604.588;150.89;2,771.30;10,104.85
23.01.2025;103,912.1;3,338.37;0.4797;44,565.07;22,038.25;19,589.209;148.96;2,753.69;10,112.76
22.01.2025;103,684.8;3,242.60;0.4774;44,156.73;22,000.50;19,784.541;149.39;2,755.02;10,105.37
21.01.2025;106,157.2;3,328.30;0.4964;44,025.81;21,709.50;19,694.684;150.16;2,744.39;9,999.55
17.01.2025;104,084.9;3,472.84;0.5614;43,487.83;21,594.75;19,969.709;147.04;2,701.55;9,977.94
16.01.2025;100,004.5;3,307.00;0.5191;43,153.13;21,249.75;19,920.426;146.02;2,713.77;9,866.73
15.01.2025;100,499.8;3,450.79;0.5335;43,221.55;21,400.25;20,013.998;146.85;2,695.82;9,739.72
14.01.2025;96,542.1;3,224.06;0.4966;42,518.28;20,919.50;20,958.207;146.08;2,677.16;9,715.86
13.01.2025;94,536.1;3,137.73;0.4752;42,297.12;20,947.25;21,236.572;142.38;2,662.12;9,733.17
10.01.2025;94,724.1;3,267.08;0.5034;41,938.45;21,016.00;21,321.836;145.32;2,689.63;9,910.61
8.01.2025;95,066.6;3,327.14;0.4889;42,635.20;21,360.75;20,361.457;145.42;2,662.06;9,890.76
7.01.2025;96,929.8;3,380.56;0.5131;42,528.36;21,359.75;20,311.975;141.94;2,649.49;9,972.03
6.01.2025;102,248.7;3,687.75;0.5761;42,706.56;21,744.50;19,644.037;140.09;2,635.33;10,085.50
3.01.2025;98,167.5;3,608.79;0.5558;42,732.13;21,516.50;19,759.883;141.46;2,639.12;10,075.17
2.01.2025;96,960.0;3,455.19;0.5079;42,392.27;21,167.50;20,305.662;142.96;2,657.16;9,961.34
31.12.2024;93,557.2;3,337.80;0.467;42,544.22;21,226.50;20,044.752;137.18;2,623.81;9,830.56
30.12.2024;92,779.8;3,361.99;0.4788;42,573.73;21,416.25;20,044.688;136.24;2,605.39;9,889.71
27.12.2024;94,275.9;3,334.19;0.4923;42,992.21;21,698.50;19,740.551;138.82;2,620.00;10,025.47
26.12.2024;95,777.7;3,335.96;0.4891;43,325.80;22,008.00;18,955.932;139.91;2,634.43;9,949.01
24.12.2024;98,668.1;3,493.31;0.5403;43,297.03;22,028.50;18,852.594;139.68;2,613.20;9,672.75
23.12.2024;94,852.1;3,422.01;0.5038;42,906.95;21,753.25;19,767.455;139.39;2,612.93;9,626.56
20.12.2024;97,795.7;3,474.01;0.5056;42,840.26;20,947.98;20,870.207;139.22;2,620.77;9,724.50
19.12.2024;97,466.1;3,418.84;0.4817;42,342.24;21,112.75;23,225.518;137.43;2,593.85;9,765.12
18.12.2024;100,197.8;3,627.88;0.5192;42,326.87;21,218.75;22,041.570;138.45;2,587.63;9,915.76
17.12.2024;106,138.9;3,892.79;0.5731;43,449.90;22,014.75;20,443.367;145.26;2,645.54;10,011.27
16.12.2024;106,057.6;3,986.91;0.6027;43,717.48;22,110.25;20,294.172;146.44;2,652.50;9,997.66
13.12.2024;101,426.2;3,909.48;0.6441;43,828.06;21,795.75;19,972.014;147.92;2,648.39;10,125.46
12.12.2024;100,009.9;3,881.63;0.6405;43,914.12;21,651.25;19,936.697;151.54;2,681.33;10,058.63
11.12.2024;101,126.2;3,831.41;0.6544;44,148.56;21,793.50;19,856.381;157.31;2,717.93;10,058.47
10.12.2024;96,600.3;3,628.94;0.5935;44,247.83;21,405.25;19,840.182;151.99;2,693.64;10,099.03
9.12.2024;97,359.4;3,718.98;0.6051;44,401.93;21,483.75;19,827.318;152.29;2,658.78;10,257.39
6.12.2024;99,760.7;3,999.51;0.7736;44,642.52;21,656.75;19,546.432;147.72;2,632.91;10,081.00
5.12.2024;96,970.8;3,785.10;0.7416;44,765.71;21,473.25;19,778.939;150.64;2,632.05;9,935.96
4.12.2024;98,635.8;3,836.25;0.7795;45,014.04;21,536.50;19,448.625;151.49;2,649.79;9,886.05
3.12.2024;95,898.7;3,615.07;0.6994;44,705.53;21,281.50;19,237.648;152.46;2,643.44;9,827.23
2.12.2024;95,846.6;3,643.48;0.6733;44,782.00;21,218.00;19,272.918;147.88;2,638.93;9,681.11
29.11.2024;97,438.0;3,592.13;0.6432;44,910.65;20,993.50;19,253.076;150.47;2,653.55;9,652.00
27.11.2024;95,886.6;3,653.79;0.6088;44,722.06;20,813.00;19,427.865;149.77;2,635.51;9,639.77
26.11.2024;91,977.6;3,326.30;0.5842;44,860.31;20,993.50;19,389.627;149.82;2,631.89;9,636.12
25.11.2024;93,064.4;3,412.18;0.6286;44,736.57;20,880.25;19,479.367;149.14;2,625.26;9,659.96
22.11.2024;98,929.7;3,327.77;0.4538;44,296.51;20,849.75;19,820.420;153.69;2,712.55;9,549.89
21.11.2024;98,374.5;3,356.43;0.4136;43,870.35;20,829.50;20,112.898;153.41;2,669.69;9,367.77
20.11.2024;94,303.9;3,069.72;0.3957;43,408.47;20,749.00;20,229.078;151.66;2,650.05;9,031.82
19.11.2024;92,239.2;3,105.97;0.4083;43,268.94;20,767.75;20,015.713;152.22;2,631.68;9,232.90
18.11.2024;90,478.7;3,207.46;0.4153;43,389.60;20,633.50;19,758.799;149.14;2,612.20;9,395.39
15.11.2024;91,046.5;3,089.45;0.3486;43,444.99;20,493.75;20,212.592;143.16;2,561.24;9,389.62
14.11.2024;87,294.0;3,058.22;0.3268;43,750.86;21,011.75;19,722.252;144.65;2,566.19;9,420.42
13.11.2024;90,422.2;3,187.02;0.3353;43,958.19;21,159.50;19,658.695;143.42;2,573.78;9,300.30
12.11.2024;87,941.3;3,242.44;0.3611;43,910.98;21,189.50;19,748.309;145.56;2,597.27;9,226.86
11.11.2024;88,664.1;3,372.13;0.3632;44,293.13;21,217.75;19,666.912;147.78;2,620.20;9,276.78
8.11.2024;76,517.3;2,961.34;0.312;43,988.99;21,231.25;19,762.246;156.73;2,683.77;9,184.82
7.11.2024;75,868.6;2,894.13;0.3014;43,729.34;21,224.75;19,953.570;159.25;2,706.99;8,946.13
6.11.2024;75,586.3;2,721.85;0.2997;43,729.93;20,894.00;20,336.326;155.94;2,659.24;8,862.32
5.11.2024;69,373.7;2,422.50;0.2731;42,221.88;20,341.75;21,369.729;159.84;2,743.59;8,618.57
4.11.2024;67,848.8;2,398.95;0.2641;41,794.60;20,086.00;22,157.045;159.0;2,736.39;8,663.88
1.11.2024;69,507.2;2,511.96;0.288;42,052.19;20,153.25;22,607.428;159.28;2,735.16;8,885.00
31.10.2024;70,281.8;2,519.14;0.2885;41,763.46;20,021.75;22,660.486;161.2;2,743.80;8,863.88
30.10.2024;72,347.8;2,658.62;0.3049;42,141.54;20,534.75;21,632.525;166.44;2,786.19;9,006.55
28.10.2024;69,954.1;2,567.41;0.2976;42,387.57;20,497.00;21,326.180;165.93;2,741.98;8,945.80
25.10.2024;66,696.8;2,441.18;0.285;42,114.40;20,498.75;21,980.633;166.29;2,747.69;8,908.47
24.10.2024;68,191.5;2,535.87;0.3118;42,374.36;20,380.25;21,425.566;169.44;2,735.70;8,872.85
23.10.2024;66,663.7;2,526.10;0.3109;42,514.95;20,220.50;21,592.518;172.43;2,717.54;8,714.69
22.10.2024;67,427.3;2,621.79;0.3296;42,924.89;20,542.00;20,910.170;175.74;2,748.38;8,838.60
21.10.2024;67,371.3;2,666.66;0.3159;42,931.60;20,519.50;20,963.998;172.17;2,719.65;8,654.39
18.10.2024;68,423.1;2,641.72;0.3376;43,275.91;20,483.50;21,047.063;171.31;2,720.25;8,793.61
17.10.2024;67,418.4;2,605.53;0.2939;43,239.05;20,368.00;21,462.537;163.68;2,692.55;9,002.34
16.10.2024;67,617.9;2,611.09;0.3063;43,077.70;20,349.50;21,576.658;162.1;2,673.24;8,956.03
15.10.2024;67,077.5;2,607.84;0.3056;42,740.42;20,342.00;21,726.816;160.63;2,660.99;8,860.30
14.10.2024;66,081.7;2,630.54;0.3099;43,065.22;20,619.25;21,539.406;159.31;2,651.05;8,699.19
11.10.2024;62,499.4;2,436.73;0.2938;42,863.86;20,450.00;22,066.672;159.49;2,656.00;8,876.22
10.10.2024;60,316.2;2,385.40;0.2819;42,454.12;20,429.75;22,269.238;158.77;2,629.48;8,964.10
9.10.2024;60,628.8;2,370.13;0.2788;42,512.00;20,463.50;22,208.520;154.47;2,607.77;9,132.30
8.10.2024;62,157.0;2,440.93;0.2857;42,080.37;20,298.50;22,592.721;154.81;2,621.94;9,044.89
7.10.2024;62,245.6;2,422.75;0.2907;41,954.24;19,992.75;23,262.771;155.92;2,643.58;9,031.64
4.10.2024;62,081.0;2,414.43;0.2942;42,352.75;20,227.25;22,082.721;158.07;2,652.25;9,109.34
3.10.2024;60,751.2;2,349.67;0.2777;42,011.59;19,990.25;22,670.139;158.76;2,655.90;8,898.23
2.10.2024;60,645.7;2,365.57;0.2739;42,196.52;20,009.75;22,134.697;161.48;2,657.75;9,012.87
1.10.2024;60,835.5;2,449.67;0.2798;42,156.97;19,975.00;22,183.621;161.28;2,662.82;9,351.22
30.09.2024;63,339.2;2,603.48;0.3022;42,330.15;20,261.25;21,341.256;158.72;2,634.49;9,665.78
27.09.2024;65,776.3;2,694.53;0.3353;42,313.00;20,221.50;21,641.828;162.25;2,657.97;9,777.46
26.09.2024;65,175.7;2,632.05;0.3231;42,175.11;20,346.25;21,038.459;167.37;2,670.20;9,829.19
25.09.2024;63,156.5;2,580.34;0.3099;41,914.75;20,192.00;21,054.113;164.99;2,656.82;9,891.00
24.09.2024;64,256.8;2,652.50;0.3156;42,208.22;20,167.75;20,860.553;165.18;2,656.70;10,029.73
23.09.2024;63,331.8;2,647.65;0.3081;42,124.65;20,080.00;20,968.350;160.43;2,628.40;9,887.75
20.09.2024;63,201.2;2,561.79;0.2969;42,063.36;19,808.01;20,889.619;161.11;2,621.96;9,900.25
19.09.2024;62,938.6;2,464.49;0.2908;42,025.19;19,850.25;20,769.977;158.75;2,586.48;9,975.61
18.09.2024;61,757.6;2,372.18;0.2839;41,503.10;19,349.25;21,419.898;156.61;2,558.80;9,774.49
17.09.2024;60,309.1;2,341.82;0.2767;41,606.18;19,439.25;21,639.773;158.48;2,569.52;9,758.14
16.09.2024;58,213.1;2,295.72;0.2644;41,622.08;19,433.00;21,457.945;159.66;2,582.58;9,577.46
13.09.2024;60,511.6;2,440.12;0.2805;41,393.78;19,530.25;21,356.289;160.39;2,576.50;9,685.49
12.09.2024;58,134.5;2,361.79;0.2765;41,096.77;19,447.25;21,320.955;156.69;2,558.75;9,521.04
11.09.2024;57,338.7;2,340.19;0.2666;40,861.71;19,271.00;21,433.301;148.7;2,511.44;9,419.66
10.09.2024;57,635.0;2,387.71;0.27;40,736.96;18,864.00;21,992.359;147.32;2,516.12;9,624.04
9.09.2024;57,049.6;2,359.60;0.2676;40,829.59;18,692.25;22,403.643;145.37;2,505.25;9,699.56
6.09.2024;53,966.8;2,225.72;0.2486;40,345.41;18,458.25;22,987.652;143.76;2,497.03;9,771.16
5.09.2024;56,183.2;2,369.18;0.2583;40,755.75;18,963.50;21,924.158;147.83;2,516.32;9,936.76
4.09.2024;57,973.4;2,450.18;0.2649;40,974.97;18,962.50;22,615.980;146.57;2,494.19;9,984.93
3.09.2024;57,479.8;2,423.40;0.2548;40,936.93;19,006.50;22,024.451;147.47;2,492.76;10,021.80
29.08.2024;59,373.5;2,528.72;0.2724;41,335.05;19,393.25;20,444.977;154.88;2,521.18;9,833.22
28.08.2024;59,016.0;2,527.73;0.2749;41,091.42;19,415.75;20,606.510;153.12;2,502.25;9,757.16
27.08.2024;59,450.9;2,457.99;0.2787;41,250.50;19,653.75;20,243.463;156.87;2,524.57;9,748.75
26.08.2024;62,846.2;2,680.30;0.2899;41,240.52;19,591.25;20,431.074;157.24;2,516.89;9,565.76
23.08.2024;64,053.1;2,762.86;0.3087;41,175.08;19,790.75;20,553.652;157.27;2,512.07;9,668.10
22.08.2024;60,372.2;2,623.06;0.2875;40,712.78;19,578.25;21,153.414;155.26;2,483.29;9,921.40
21.08.2024;61,158.1;2,630.67;0.2842;40,890.49;19,909.50;20,799.688;158.93;2,511.95;9,904.79
20.08.2024;59,005.8;2,572.90;0.2694;40,834.97;19,809.50;20,765.379;157.99;2,513.74;9,982.28
19.08.2024;59,470.9;2,637.10;0.2698;40,896.53;19,857.75;2033;156.7;2,503.92;10,054.20
16.08.2024;58,877.2;2,592.38;0.2629;40,659.76;19,605.75;2034;153.53;2,507.28;9,821.96
15.08.2024;57,534.6;2,569.44;0.2685;40,563.06;19,581.25;2024;149.81;2,456.10;9,982.98
14.08.2024;58,707.8;2,662.95;0.2733;40,008.39;19,115.00;2060;148.48;2,447.64;9,830.94
13.08.2024;60,595.2;2,702.95;0.2826;39,765.64;19,104.25;2175;149.13;2,465.03;9,920.61
12.08.2024;59,350.0;2,722.64;0.28;39,357.01;18,639.50;2352;146.9;2,472.25;9,828.56
9.08.2024;60,850.6;2,598.90;0.2781;39,497.54;18,616.00;2354;142.21;2,430.93;9,907.38
8.08.2024;61,699.7;2,683.84;0.2789;39,446.49;18,525.25;2684;140.99;2,426.75;10,098.50
7.08.2024;55,120.9;2,337.83;0.2546;38,763.45;17,966.50;2885;137.92;2,381.53;10,024.31
6.08.2024;56,057.8;2,461.92;0.2647;38,997.66;18,179.00;2979;142.18;2,389.37;9,881.23
5.08.2024;53,979.0;2,415.99;0.2533;38,703.27;18,013.25;3226;140.39;2,407.65;9,893.41
2.08.2024;61,478.7;2,990.32;0.287;39,737.26;18,556.25;2795;145.51;2,443.29;10,473.47
1.08.2024;65,372.9;3,204.93;0.3095;40,347.97;19,023.25;2510;149.4;2,445.42;10,798.09
31.07.2024;64,626.0;3,231.84;0.3118;40,842.79;19,505.25;2402;152.33;2,448.10;10,638.58
30.07.2024;66,184.9;3,278.94;0.3299;40,743.33;18,936.25;2432;148.48;2,408.43;10,691.68
29.07.2024;66,798.7;3,318.24;0.3324;40,539.93;19,209.25;2396;147.82;2,383.54;10,733.75
26.07.2024;67,908.6;3,275.12;0.3423;40,589.34;19,174.50;2444;146.78;2,385.57;10,891.42
25.07.2024;65,799.3;3,175.52;0.3209;39,935.07;18,992.25;2511;145.75;2,364.50;10,871.48
24.07.2024;65,370.5;3,335.33;0.3278;39,853.87;19,203.25;2498;149.37;2,397.59;10,991.57
23.07.2024;65,937.8;3,482.54;0.3314;40,358.09;19,925.00;2348;150.71;2,409.21;11,089.53
22.07.2024;67,553.6;3,440.01;0.3436;40,415.44;20,001.00;2348;150.32;2,397.65;11,172.75
19.07.2024;66,677.4;3,504.42;0.3584;40,287.53;19,713.00;2405;149.89;2,400.79;11,156.20
18.07.2024;63,980.5;3,425.94;0.3388;40,665.02;19,899.25;2372;151.68;2,444.97;11,139.46
17.07.2024;64,089.2;3,387.81;0.3576;41,198.08;19,997.50;2348;154.68;2,458.38;11,134.08
16.07.2024;65,049.7;3,442.99;0.3598;40,954.48;20,598.00;2321;157.7;2,468.57;11,139.34
12.07.2024;57,885.1;3,133.33;0.3249;40,000.90;20,524.00;2298;153.73;2,411.27;11,064.85
11.07.2024;57,337.3;3,099.82;0.3131;39,753.75;20,441.75;2320;153.2;2,414.78;11,024.33
10.07.2024;57,746.7;3,101.17;0.3122;39,721.36;20,899.75;2296;149.32;2,371.07;10,743.30
9.07.2024;58,039.4;3,065.11;0.3103;39,291.97;20,678.50;2313;145.32;2,363.58;10,796.57
8.07.2024;56,724.7;3,019.64;0.304;39,344.79;20,659.75;2301;145.59;2,358.80;10,864.08
5.07.2024;56,641.8;2,981.40;0.2913;39,375.87;20,620.75;2323;145.71;2,391.46;10,851.78
3.07.2024;60,199.3;3,295.13;0.3236;39,308.00;20,411.50;2320;142.11;2,356.06;10,682.15
2.07.2024;62,103.3;3,421.71;0.3445;39,331.85;20,255.25;2308;137.17;2,329.28;10,446.24
1.07.2024;62,890.1;3,442.67;0.341;39,169.52;20,052.00;2318;136.2;2,331.70;10,343.31
28.06.2024;60,403.3;3,380.15;0.3408;39,118.86;19,927.25;2375;137.37;2,325.71;10,647.91
27.06.2024;61,685.3;3,450.45;0.3454;39,164.06;20,039.50;2359;138.04;2,327.45;10,680.91
26.06.2024;60,849.4;3,370.72;0.3361;39,127.80;20,012.50;2374;137.04;2,297.91;10,486.70
25.06.2024;61,809.4;3,395.03;0.3389;39,112.16;19,972.25;2383;136.68;2,319.01;10,679.98
24.06.2024;60,292.7;3,352.29;0.3332;39,411.21;19,750.75;2411;138.21;2,332.93;10,767.85
21.06.2024;64,128.5;3,518.03;0.3332;39,150.33;19,747.29;2421;137.66;2,320.34;10,771.36
20.06.2024;64,854.3;3,512.91;0.3348;39,134.76;19,763.25;2463;139.17;2,359.63;10,739.94
14.06.2024;66,034.8;3,481.84;0.384;38,589.16;19,685.50;2383;135.01;2,332.52;10,471.32
13.06.2024;66,773.1;3,470.15;0.3963;38,647.10;19,602.50;2339;134.11;2,303.19;10,391.89
12.06.2024;68,260.1;3,559.95;0.4132;38,712.21;19,496.50;2327;137.67;2,322.55;10,165.52
11.06.2024;67,319.8;3,498.00;0.3933;38,747.42;19,242.25;2333;136.71;2,316.27;10,051.37
10.06.2024;69,538.2;3,667.85;0.4136;38,868.04;19,109.75;2335;138.18;2,310.60;9,997.91
7.06.2024;69,347.9;3,678.37;0.4367;38,798.99;19,037.75;2335;136.2;2,292.71;10,138.97
6.06.2024;70,791.5;3,812.95;0.4766;38,886.17;19,060.25;2347;145.38;2,375.61;10,279.69
5.06.2024;71,083.7;3,865.14;0.472;38,807.33;19,074.25;2335;140.83;2,354.78;10,350.96
4.06.2024;70,549.2;3,810.35;0.4668;38,711.29;18,701.00;2353;138.65;2,327.68;10,364.56
3.06.2024;68,807.8;3,767.10;0.4512;38,571.03;18,646.25;2344;145.07;2,350.35;10,556.80
31.05.2024;67,530.1;3,762.66;0.4446;38,686.32;18,591.00;2337;145.16;2,326.97;10,400.48
30.05.2024;68,354.7;3,747.55;0.4453;38,111.48;18,606.50;2371;145.92;2,343.00;10,481.30
29.05.2024;67,635.8;3,769.57;0.4532;38,441.54;18,802.75;2382;144.29;2,338.77;10,479.16
28.05.2024;68,366.0;3,845.56;0.4548;38,852.86;18,940.50;2344;147.37;2,360.95;10,677.49
24.05.2024;68,547.6;3,728.21;0.4546;39,069.59;18,876.00;2305;143.47;2,333.76;10,676.65
23.05.2024;67,975.7;3,785.65;0.4488;39,065.26;18,696.25;2355;141.84;2,328.37;10,792.53
22.05.2024;69,155.4;3,739.08;0.461;39,671.04;18,786.75;2338;144.7;2,378.25;10,899.28
21.05.2024;70,139.9;3,790.46;0.4677;39,872.99;18,799.25;2310;150.5;2,421.64;10,895.25
20.05.2024;71,422.7;3,661.07;0.4659;39,806.77;18,763.00;2324;151.36;2,425.12;10,739.57
17.05.2024;67,036.8;3,092.75;0.4355;40,003.59;18,635.25;2318;149.23;2,414.89;10,643.58
16.05.2024;65,231.0;2,944.99;0.4282;39,869.38;18,650.00;2346;143.82;2,376.44;10,319.96
15.05.2024;66,225.1;3,034.71;0.4305;39,908.00;18,691.75;2346;144.67;2,386.04;10,158.63
14.05.2024;61,569.4;2,881.99;0.4004;39,558.11;18,415.00;2397;143.1;2,357.97;10,173.42
13.05.2024;62,937.2;2,951.01;0.4059;39,431.51;18,295.50;2429;141.04;2,336.05;10,055.98
10.05.2024;60,796.9;2,909.86;0.4129;39,512.84;18,255.00;2420;142.24;2,360.14;10,218.58
9.05.2024;63,075.0;3,036.32;0.4362;39,387.76;18,214.50;2440;142.17;2,345.88;10,268.58
8.05.2024;61,207.5;2,974.94;0.427;39,056.39;18,186.50;2456;137.7;2,308.65;10,247.75
7.05.2024;62,317.7;3,006.36;0.4294;38,884.26;18,199.50;2471;137.75;2,313.79;10,336.50
6.05.2024;63,163.1;3,062.03;0.4406;38,852.27;18,195.50;2474;137.67;2,323.57;10,267.09
2.05.2024;59,121.3;2,987.12;0.4311;38,225.66;17,649.75;2580;134.3;2,303.29;10,208.65
30.04.2024;60,666.6;3,014.41;0.4169;37,815.92;17,571.25;2609;133.45;2,285.57;10,045.74
29.04.2024;63,860.1;3,216.29;0.4368;38,386.09;17,904.25;2578;139.78;2,334.44;10,082.77
26.04.2024;63,766.4;3,130.90;0.452;38,239.66;17,845.75;2625;138.68;2,337.72;9,915.62
25.04.2024;64,497.1;3,155.83;0.465;38,085.80;17,567.50;2639;137.22;2,331.78;9,716.77
24.04.2024;64,285.7;3,141.03;0.4631;38,460.92;17,664.50;2636;133.05;2,315.82;9,722.09
22.04.2024;66,829.3;3,200.62;0.4816;38,239.98;17,350.00;2722;131.01;2,326.29;9,645.02
19.04.2024;63,799.1;3,056.23;0.433;37,986.40;17,180.75;2862;136.01;2,390.45;9,693.46
18.04.2024;63,481.4;3,064.48;0.4341;37,775.38;17,547.25;2829;135.29;2,378.25;9,524.59
17.04.2024;61,278.9;2,985.82;0.4252;37,753.31;17,658.50;2828;134.73;2,360.81;9,530.47
16.04.2024;63,805.3;3,083.43;0.4338;37,798.97;17,881.25;2845;132.94;2,382.83;9,548.09
15.04.2024;63,411.9;3,100.94;0.4235;37,735.11;17,876.25;2918;134.71;2,382.51;9,679.80
9.04.2024;69,148.0;3,506.96;0.6121;38,883.67;18,359.75;2705;138.62;2,352.58;9,814.19
8.04.2024;71,630.1;3,694.93;0.6256;38,892.80;18,295.00;2705;135.65;2,338.89;9,756.69
5.04.2024;67,830.6;3,317.84;0.5899;38,904.04;18,300.75;2772;136.35;2,329.50;9,618.83
4.04.2024;68,496.5;3,327.45;0.5925;38,596.98;18,076.75;2746;132.64;2,289.43;9,129.02
3.04.2024;65,963.0;3,310.62;0.5763;39,127.14;18,373.25;2682;134.33;2,299.17;8,945.80
2.04.2024;65,439.2;3,277.99;0.584;39,170.24;18,330.00;2700;130.58;2,280.10;9,040.87
1.04.2024;69,664.4;3,502.82;0.628;39,566.85;18,497.25;2659;128.8;2,250.36;9,157.54
28.03.2024;70,762.1;3,559.43;0.6752;39,807.37;18,475.00;2659;127.0;2,232.38;9,079.97
27.03.2024;69,442.4;3,500.43;0.6651;39,760.08;18,503.75;2633;123.73;2,194.02;8,806.72
26.03.2024;69,999.3;3,587.50;0.692;39,282.33;18,449.00;2650;119.46;2,178.58;8,807.38
25.03.2024;69,892.0;3,590.62;0.6653;39,313.64;18,513.50;2676;120.03;2,171.45;9,029.38
22.03.2024;63,785.5;3,334.12;0.6249;39,475.90;18,574.75;2685;119.21;2,164.15;9,111.50
21.03.2024;65,503.8;3,493.23;0.6338;39,781.37;18,561.75;2675;120.85;2,180.81;9,140.70
20.03.2024;67,854.0;3,514.73;0.6395;39,512.13;18,479.75;2667;121.32;2,185.96;8,955.12
19.03.2024;62,050.0;3,165.20;0.5704;39,110.76;18,270.00;2717;116.83;2,157.23;8,929.88
18.03.2024;67,594.1;3,520.30;0.6173;38,790.43;18,231.50;2754;119.36;2,159.99;8,718.11
15.03.2024;69,463.7;3,741.12;0.6893;38,714.77;17,854.75;2793;120.5;2,155.54;8,828.70
14.03.2024;71,387.5;3,883.94;0.7444;38,905.66;18,024.50;2759;119.69;2,161.01;8,883.52
13.03.2024;73,066.3;4,004.29;0.7603;39,043.32;18,078.50;2711;121.35;2,174.40;8,910.23
12.03.2024;71,470.2;3,979.30;0.7676;39,005.49;18,227.75;2716;118.08;2,157.99;9,069.03
11.03.2024;72,099.1;4,065.02;0.779;38,769.66;17,971.00;2778;119.99;2,182.47;9,131.82
8.03.2024;68,172.0;3,883.20;0.7042;38,722.69;18,046.75;2778;117.36;2,177.51;9,155.32
7.03.2024;66,855.3;3,869.69;0.6932;38,791.35;18,316.25;2746;117.52;2,159.16;9,054.18
6.03.2024;66,080.4;3,814.56;0.6562;38,661.05;18,044.25;2736;115.28;2,148.29;8,744.58
5.03.2024;63,792.6;3,556.03;0.6127;38,585.19;17,930.25;2738;113.01;2,127.55;8,860.52
4.03.2024;68,270.1;3,626.34;0.6642;38,989.83;18,262.00;2666;112.99;2,114.99;8,907.65
1.03.2024;62,397.7;3,433.51;0.6653;39,087.38;18,338.25;2655;108.65;2,083.39;9,097.15
29.02.2024;61,169.3;3,339.26;0.6522;38,996.39;18,082.75;2645;105.37;2,043.24;9,193.69
28.02.2024;62,467.6;3,383.03;0.571;38,949.02;17,915.25;2671;102.94;2,034.62;9,062.36
27.02.2024;57,056.2;3,242.14;0.5657;38,972.41;18,021.00;2644;104.39;2,029.64;9,179.48
26.02.2024;54,495.1;3,175.94;0.5378;39,069.23;17,977.00;2678;105.19;2,030.66;9,334.13
23.02.2024;50,740.5;2,922.24;0.4804;39,131.53;17,991.00;2694;106.72;2,035.72;9,374.20
22.02.2024;51,320.4;2,972.46;0.4881;39,069.11;18,047.50;2756;104.85;2,024.11;9,347.17
21.02.2024;51,858.2;2,971.18;0.4802;38,612.24;17,536.75;2756;107.04;2,024.99;9,312.12
20.02.2024;52,263.5;3,015.38;0.4991;38,563.80;17,607.25;2791;107.84;2,023.53;9,344.97
16.02.2024;52,134.2;2,801.80;0.4977;38,627.99;17,744.00;2751;107.86;2,013.10;9,250.36
15.02.2024;51,901.3;2,822.59;0.5039;38,773.12;17,912.75;2772;107.49;2,004.09;9,242.15
14.02.2024;51,782.4;2,775.12;0.4865;38,424.27;17,881.00;2778;104.27;1,992.39;9,072.08
13.02.2024;49,716.0;2,640.10;0.4682;38,272.75;17,676.75;2842;103.7;1,992.13;8,994.00
12.02.2024;49,941.3;2,657.87;0.4833;38,797.38;17,965.00;2746;110.55;2,019.79;9,174.58
9.02.2024;47,127.5;2,486.24;0.4671;38,671.69;18,039.25;2684;109.32;2,024.16;9,045.97
8.02.2024;45,293.3;2,419.56;0.4492;38,726.33;17,868.25;2661;110.51;2,033.18;8,949.79
7.02.2024;44,339.8;2,424.64;0.4458;38,677.36;17,841.75;2680;111.7;2,034.22;8,843.01
6.02.2024;43,087.7;2,372.65;0.4314;38,521.36;17,660.00;2683;112.9;2,035.46;8,869.14
5.02.2024;42,697.2;2,301.83;0.4348;38,380.12;17,700.00;2727;111.49;2,024.67;8,776.70
2.02.2024;43,194.7;2,309.28;0.441;38,654.42;17,732.75;2776;114.06;2,038.59;8,665.68
1.02.2024;43,081.4;2,304.28;0.4356;38,519.84;17,436.75;2765;117.54;2,054.89;8,646.12
31.01.2024;42,580.5;2,283.14;0.4319;38,150.30;17,242.25;2789;113.54;2,037.19;8,496.66
30.01.2024;42,946.2;2,343.11;0.4452;38,467.31;17,588.50;2697;114.19;2,036.12;8,474.30
29.01.2024;43,299.8;2,317.79;0.459;38,333.45;17,706.00;2708;115.14;2,031.75;8,471.70
26.01.2024;41,811.3;2,267.55;0.4506;38,109.43;17,527.00;2702;113.74;2,018.34;8,346.28
25.01.2024;39,935.7;2,217.71;0.4334;38,049.13;17,634.50;2711;114.16;2,019.75;8,169.89
24.01.2024;40,086.0;2,234.64;0.4395;37,806.39;17,621.00;2695;112.7;2,012.59;8,090.90
23.01.2024;39,888.8;2,243.74;0.4259;37,905.45;17,531.25;2656;115.18;2,028.69;7,950.06
22.01.2024;39,556.4;2,313.64;0.4425;38,001.81;17,458.50;2707;112.7;2,020.99;8,010.14
19.01.2024;41,648.0;2,491.81;0.4692;37,863.80;17,438.50;2764;112.94;2,029.09;7,996.70
18.01.2024;41,292.7;2,469.77;0.4402;37,468.61;17,110.00;2810;112.65;2,022.67;8,016.09
17.01.2024;42,768.7;2,531.26;0.4628;37,266.67;16,869.75;2868;112.78;2,005.72;8,024.37
16.01.2024;43,145.5;2,588.64;0.4631;37,361.12;16,966.50;2829;115.9;2,027.59;8,032.17
12.01.2024;42,835.9;2,523.98;0.4623;37,592.98;16,969.25;2750;120.64;2,048.72;7,986.47
11.01.2024;46,348.2;2,618.08;0.4846;37,711.02;16,966.25;2734;117.44;2,028.09;7,895.96
10.01.2024;46,629.3;2,581.79;0.4651;37,695.73;16,945.25;2716;118.55;2,023.40;7,874.16
9.01.2024;46,129.0;2,344.67;0.4336;37,525.16;16,830.25;2745;118.66;2,029.59;7,736.26
8.01.2024;46,962.2;2,330.98;0.4532;37,683.01;16,803.75;2780;120.54;2,027.84;7,818.89
5.01.2024;44,156.9;2,268.12;0.4612;37,466.11;16,460.25;2842;120.3;2,045.50;7,628.73
4.01.2024;44,157.0;2,267.27;0.4755;37,440.34;16,445.00;2897;120.61;2,043.26;7,547.84
3.01.2024;42,836.1;2,209.49;0.4674;37,430.19;16,538.00;2925;120.32;2,040.78;7,412.04
2.01.2024;44,943.7;2,355.27;0.529;37,715.04;16,720.00;2870;123.59;2,058.88;7,624.29
29.12.2023;42,072.4;2,299.24;0.5149;37,689.54;17,023.50;2878;125.69;2,062.59;7,470.18
28.12.2023;42,581.1;2,344.47;0.529;37,710.10;17,090.50;2873;126.54;2,064.86;7,396.34
27.12.2023;43,446.5;2,378.63;0.5549;37,656.52;17,113.25;2880;129.58;2,077.16;7,260.44
26.12.2023;42,513.3;2,230.74;0.5592;37,545.33;17,083.50;2962;128.3;2,066.60;7,299.33
22.12.2023;43,968.9;2,324.23;0.5272;37,385.97;16,980.00;2997;127.94;2,052.98;7,557.56
21.12.2023;43,865.9;2,239.62;0.5217;37,404.35;16,956.50;3022;126.95;2,045.49;7,764.95
20.12.2023;43,662.8;2,202.19;0.5013;37,082.00;16,766.25;3066;124.9;2,029.19;7,662.85
19.12.2023;42,259.3;2,177.44;0.4752;37,557.92;17,023.00;2948;127.75;2,040.12;7,725.86
18.12.2023;42,659.7;2,218.80;0.4756;37,306.02;16,939.75;2875;124.19;2,027.00;7,790.42
15.12.2023;41,929.0;2,220.41;0.4842;37,305.16;16,530.23;2844;123.76;2,018.19;7,993.85
14.12.2023;43,025.9;2,315.64;0.5138;37,248.35;16,541.50;2770;124.25;2,035.53;7,813.40
13.12.2023;42,884.5;2,260.18;0.5023;37,090.24;16,563.75;2798;121.05;2,026.39;7,529.31
12.12.2023;41,487.0;2,203.49;0.4951;36,577.94;16,362.75;2844;113.93;1,979.44;7,748.85
11.12.2023;41,256.1;2,225.34;0.4895;36,404.93;16,237.00;2888;117.05;1,981.30;7,728.44
8.12.2023;44,175.5;2,358.42;0.5199;36,247.87;16,098.25;2930;118.09;2,003.39;7,913.76
7.12.2023;43,289.7;2,355.80;0.5026;36,117.38;16,038.75;2990;119.51;2,028.34;7,978.82
6.12.2023;43,776.3;2,233.45;0.4733;36,054.43;15,815.25;2992;120.0;2,024.90;7,855.06
5.12.2023;44,076.2;2,293.34;0.4696;36,124.56;15,908.75;2989;120.08;2,019.42;8,057.42
4.12.2023;41,987.8;2,243.54;0.4522;36,204.44;15,869.00;2997;122.45;2,029.74;8,087.24
1.12.2023;38,688.2;2,087.21;0.4395;36,245.50;16,023.75;2970;125.8;2,070.90;8,026.27
30.11.2023;37,712.9;2,051.56;0.4319;35,950.89;15,985.50;2993;123.35;2,035.75;7,948.60
29.11.2023;37,855.5;2,028.99;0.4411;35,430.42;16,023.75;3029;123.05;2,044.59;8,009.33
28.11.2023;37,823.3;2,048.47;0.4443;35,416.98;16,048.00;2977;123.4;2,040.89;8,093.54
27.11.2023;37,248.6;2,027.51;0.4408;35,333.47;16,008.75;3005;118.57;2,013.64;8,107.19
24.11.2023;37,717.3;2,080.62;0.4133;35,390.15;16,021.00;2980;116.67;2,001.97;7,959.95
22.11.2023;37,410.8;2,063.05;0.4046;35,273.03;16,049.25;3061;116.02;1,989.72;7,987.03
21.11.2023;35,813.6;1,934.62;0.3765;35,088.29;15,990.25;3030;115.48;1,998.37;8,046.62
20.11.2023;37,454.1;2,021.49;0.4205;35,151.04;16,086.50;3082;113.08;1,977.19;7,946.37
17.11.2023;36,595.4;1,960.80;0.4271;34,947.28;15,895.75;3090;112.92;1,980.01;7,853.36
16.11.2023;36,161.2;1,961.76;0.4307;34,945.47;15,897.50;3119;113.35;1,980.85;7,780.68
15.11.2023;37,874.9;2,058.93;0.4517;34,991.21;15,889.25;3150;111.58;1,959.09;7,665.87
14.11.2023;35,549.3;1,979.10;0.4265;34,827.70;15,879.75;3202;112.12;1,962.67;7,671.05
13.11.2023;36,478.3;2,054.18;0.4451;34,337.87;15,547.00;3202;106.72;1,945.89;7,568.30
10.11.2023;37,303.0;2,077.78;0.4337;34,283.10;15,596.25;3200;107.89;1,936.79;7,771.34
9.11.2023;36,700.5;2,120.16;0.418;33,891.94;15,256.00;3288;108.89;1,958.19;7,841.46
8.11.2023;35,636.9;1,889.29;0.4265;34,112.27;15,386.50;3204;109.16;1,949.79;7,860.88
7.11.2023;35,426.1;1,885.97;0.4168;34,152.60;15,374.25;3256;112.33;1,968.40;7,844.80
6.11.2023;35,042.0;1,900.98;0.4234;34,095.86;15,232.50;3276;115.05;1,977.68;7,868.02
3.11.2023;34,718.7;1,832.29;0.3995;34,061.32;15,178.75;3364;116.25;1,992.27;7,705.99
2.11.2023;34,931.4;1,800.27;0.4029;33,839.08;14,998.00;3421;111.54;1,985.51;7,663.62
1.11.2023;35,423.8;1,846.60;0.3803;33,274.58;14,744.50;3493;110.69;1,982.15;7,528.57
31.10.2023;34,650.6;1,815.13;0.3639;33,052.87;14,490.25;3605;111.25;1,982.70;7,514.10
30.10.2023;34,477.9;1,809.05;0.3779;32,928.96;14,416.50;3743;113.7;1,995.88;7,712.85
27.10.2023;33,901.8;1,779.54;0.3398;32,417.59;14,265.25;3940;115.07;2,005.78;7,706.41
26.10.2023;34,153.7;1,803.13;0.3524;32,784.30;14,194.00;3850;112.89;1,984.82;7,662.05
25.10.2023;34,496.8;1,787.00;0.3468;33,035.93;14,478.25;3830;113.83;1,979.62;7,424.97
24.10.2023;33,917.0;1,784.88;0.3509;33,141.38;14,846.50;3680;115.72;1,970.11;7,990.42
23.10.2023;33,041.8;1,763.75;0.3263;32,936.41;14,712.00;3780;115.59;1,972.59;7,750.39
20.10.2023;29,674.5;1,603.89;0.2866;33,127.28;14,664.00;3880;116.33;1,981.04;7,510.68
19.10.2023;28,723.0;1,566.79;0.2782;33,414.17;14,890.00;3860;116.48;1,973.70;7,769.03
18.10.2023;28,321.7;1,563.43;0.2765;33,665.08;15,025.25;3710;116.58;1,947.69;7,842.66
17.10.2023;28,403.6;1,564.99;0.2809;33,997.65;15,240.75;3590;117.22;1,923.07;8,115.01
16.10.2023;28,509.7;1,599.48;0.2884;33,984.54;15,289.50;3540;114.73;1,919.44;7,934.56
13.10.2023;26,863.5;1,552.17;0.2811;33,670.29;15,120.25;3710;114.35;1,931.70;8,113.30
12.10.2023;26,761.1;1,539.70;0.2786;33,631.14;15,315.00;3460;109.59;1,868.65;8,259.27
11.10.2023;26,876.6;1,566.88;0.2787;33,804.87;15,380.00;3410;112.08;1,873.61;8,330.64
10.10.2023;27,391.0;1,567.60;0.2779;33,739.30;15,270.75;3450;109.85;1,860.09;8,442.79
9.10.2023;27,581.4;1,579.74;0.2811;33,604.65;15,187.00;3540;108.94;1,860.88;8,193.44
6.10.2023;27,936.9;1,645.62;0.3006;33,407.58;15,112.00;3540;106.66;1,832.26;8,464.93
5.10.2023;27,410.3;1,611.58;0.293;33,119.57;14,861.75;3590;104.37;1,820.01;8,487.98
4.10.2023;27,790.9;1,647.05;0.2974;33,129.55;14,923.75;3610;103.31;1,821.08;8,333.14
3.10.2023;27,428.4;1,656.88;0.3018;33,002.38;14,714.50;3690;104.22;1,822.81;8,513.54
2.10.2023;27,505.3;1,662.79;0.311;33,433.35;14,984.75;3460;103.53;1,827.40;8,486.96
29.09.2023;26,909.8;1,667.72;0.3157;33,507.50;14,866.50;3460;107.48;1,848.31;8,334.94
28.09.2023;27,022.6;1,652.89;0.2991;33,666.34;14,859.75;3440;107.86;1,864.56;8,218.74
27.09.2023;26,366.1;1,598.49;0.2932;33,550.27;14,739.00;3540;107.19;1,874.70;8,213.76
26.09.2023;26,218.9;1,594.04;0.2972;33,618.88;14,715.00;3590;110.05;1,900.49;8,242.26
25.09.2023;26,302.7;1,588.62;0.2987;34,006.88;14,935.25;3410;113.41;1,915.66;8,304.83
22.09.2023;26,581.9;1,593.10;0.2942;33,963.84;14,869.50;3390;114.58;1,924.99;8,039.18
21.09.2023;26,570.0;1,584.03;0.2932;34,070.42;14,862.75;3370;115.09;1,919.57;8,000.46
20.09.2023;27,125.0;1,622.28;0.2999;34,440.88;15,152.00;3270;118.05;1,929.68;7,719.82
19.09.2023;27,209.2;1,643.08;0.2982;34,517.73;15,375.25;3210;116.94;1,930.94;7,784.01
18.09.2023;26,763.5;1,636.92;0.2925;34,624.30;15,414.50;3230;118.93;1,933.14;7,680.36
15.09.2023;26,601.0;1,641.31;0.2959;34,618.24;15,435.20;3240;118.67;1,923.57;7,961.98
14.09.2023;26,524.7;1,626.49;0.2897;34,907.11;15,478.00;3170;116.38;1,910.32;8,118.75
13.09.2023;26,223.0;1,607.63;0.2801;34,575.53;15,356.25;3230;114.68;1,906.30;8,013.89
12.09.2023;25,834.5;1,592.50;0.2691;34,645.99;15,304.75;3250;115.0;1,913.26;8,159.90
11.09.2023;25,166.4;1,551.89;0.2693;34,663.72;15,475.75;3230;114.88;1,921.66;8,146.49
8.09.2023;25,909.5;1,636.45;0.2934;34,576.59;15,297.50;3297;113.16;1,917.81;8,325.30
7.09.2023;26,249.8;1,648.09;0.2983;34,500.73;15,282.25;3329;113.2;1,919.19;8,337.67
6.09.2023;25,758.0;1,633.18;0.2954;34,443.19;15,399.50;3355;114.05;1,916.28;8,181.67
5.09.2023;25,790.2;1,634.46;0.293;34,641.97;15,534.50;3304;114.4;1,925.81;8,236.14
1.09.2023;25,803.2;1,629.00;0.293;34,837.71;15,516.25;3324;117.38;1,938.80;8,056.12
31.08.2023;25,937.3;1,645.82;0.2944;34,721.91;15,538.50;3335;117.86;1,939.74;7,917.93
29.08.2023;27,723.9;1,729.69;0.3142;34,852.67;15,415.75;3439;119.19;1,937.12;7,907.13
28.08.2023;26,118.9;1,653.22;0.3011;34,559.98;15,092.50;3496;117.15;1,919.66;7,941.73
25.08.2023;26,057.2;1,653.74;0.3057;34,346.90;14,979.25;3559;114.4;1,914.53;7,716.67
24.08.2023;26,177.0;1,660.89;0.3055;34,099.42;14,862.00;3663;115.62;1,917.43;7,491.94
23.08.2023;26,436.2;1,679.93;0.3115;34,472.98;15,195.50;3598;116.34;1,914.31;7,602.24
22.08.2023;26,039.9;1,634.29;0.3043;34,288.83;14,958.50;3651;112.81;1,897.47;7,771.30
21.08.2023;26,126.0;1,667.60;0.3008;34,463.69;14,985.75;3631;111.97;1,893.94;7,796.65
18.08.2023;26,053.2;1,661.26;0.3061;34,500.66;14,744.00;3676;111.68;1,888.19;7,513.29
17.08.2023;26,635.7;1,683.89;0.2957;34,474.83;14,778.00;3705;112.36;1,888.89;7,764.47
16.08.2023;28,726.3;1,807.81;0.3282;34,765.74;14,942.25;3624;112.92;1,891.76;7,662.26
15.08.2023;29,195.3;1,828.98;0.3454;34,946.39;15,106.50;3582;114.4;1,901.56;7,690.75
14.08.2023;29,426.7;1,845.51;0.3654;35,307.63;15,270.25;3464;117.6;1,907.90;7,737.38
11.08.2023;29,420.8;1,848.88;0.3701;35,281.40;15,095.75;3505;119.28;1,913.32;7,714.38
10.08.2023;29,449.0;1,852.46;0.3671;35,176.15;15,201.25;3580;118.08;1,912.06;7,441.50
9.08.2023;29,578.0;1,855.36;0.3681;35,123.36;15,178.25;3578;117.89;1,914.59;7,600.65
8.08.2023;29,777.4;1,856.24;0.3704;35,314.49;15,354.25;3587;118.4;1,924.82;7,412.20
7.08.2023;29,204.2;1,829.11;0.3668;35,473.13;15,485.50;3522;118.75;1,936.39;7,470.10
4.08.2023;29,105.5;1,830.24;0.3644;35,065.62;15,354.00;3630;119.63;1,941.62;7,400.57
3.08.2023;29,189.3;1,835.98;0.3676;35,215.89;15,438.75;3558;118.45;1,933.74;7,221.51
2.08.2023;29,173.7;1,840.21;0.3733;35,282.52;15,473.00;3578;119.07;1,933.56;7,258.54
1.08.2023;29,712.2;1,874.21;0.3854;35,630.68;15,817.25;3433;122.56;1,944.08;7,168.51
31.07.2023;29,232.4;1,856.17;0.3823;35,559.53;15,857.50;3396;127.06;1,964.19;7,216.96
28.07.2023;29,315.0;1,874.23;0.3887;35,459.29;15,847.50;3413;124.27;1,959.20;7,067.28
27.07.2023;29,222.7;1,861.32;0.3849;35,282.72;15,571.00;3471;122.82;1,944.99;6,856.11
26.07.2023;29,352.2;1,872.00;0.389;35,520.12;15,610.75;3388;127.64;1,972.10;6,743.86
25.07.2023;29,228.6;1,857.67;0.3861;35,438.07;15,673.00;3443;128.18;1,964.58;6,605.04
24.07.2023;29,178.1;1,850.04;0.3872;35,411.24;15,561.25;3439;126.31;1,954.51;6,695.14
21.07.2023;29,903.1;1,891.75;0.4007;35,227.69;15,540.00;3486;126.48;1,960.23;6,687.78
20.07.2023;29,801.0;1,891.23;0.4007;35,225.18;15,592.25;3515;126.71;1,969.62;6,682.11
19.07.2023;29,909.7;1,888.65;0.3994;35,061.21;15,959.25;3510;129.74;1,977.25;6,571.28
18.07.2023;29,866.8;1,897.58;0.4006;34,951.93;15,974.75;3458;129.65;1,978.71;6,365.00
17.07.2023;30,139.7;1,911.24;0.4174;34,585.35;15,840.75;3455;127.26;1,954.74;6,600.46
14.07.2023;30,317.4;1,938.05;0.4137;34,509.03;15,694.25;3452;127.15;1,954.93;6,437.74
13.07.2023;31,466.1;2,004.77;0.4421;34,395.14;15,711.50;3474;128.08;1,960.19;6,368.35
12.07.2023;30,387.3;1,871.86;0.3939;34,347.43;15,444.75;3475;126.98;1,957.09;6,342.05
11.07.2023;30,623.3;1,878.33;0.3914;34,261.42;15,260.00;3564;120.63;1,931.99;6,362.93
10.07.2023;30,415.3;1,880.42;0.384;33,944.40;15,187.00;3569;119.64;1,924.99;6,270.41
7.07.2023;30,346.4;1,870.92;0.382;33,734.88;15,181.75;3626;117.11;1,924.28;6,187.09
6.07.2023;29,913.1;1,848.36;0.3718;33,922.26;15,238.00;3676;115.68;1,910.80;6,141.14
5.07.2023;30,512.8;1,910.43;0.3849;34,288.64;15,360.75;3575;118.6;1,917.32;6,106.76
3.07.2023;31,151.3;1,955.56;0.4076;34,418.47;15,364.75;3573;121.97;1,921.43;6,015.29
27.06.2023;30,689.1;1,889.51;0.3896;33,926.74;15,111.50;3687;118.37;1,913.35;5,759.11
26.06.2023;30,267.0;1,859.00;0.3777;33,714.71;14,856.50;3781;119.46;1,922.85;5,732.86
23.06.2023;30,679.4;1,891.97;0.3894;33,727.43;15,058.25;3832;118.31;1,921.36;5,582.75
22.06.2023;29,890.5;1,872.32;0.3679;33,946.71;15,214.75;3798;118.95;1,913.52;5,428.26
21.06.2023;29,996.9;1,889.87;0.3725;33,951.52;15,044.00;3833;119.27;1,932.26;5,186.83
20.06.2023;28,307.7;1,791.61;0.351;34,053.87;15,256.50;3883;119.63;1,935.91;5,251.61
16.06.2023;26,341.3;1,717.92;0.3363;34,299.12;15,316.61;3843;124.25;1,957.36;5,475.48
15.06.2023;25,591.3;1,666.96;0.3333;34,408.06;15,188.00;3911;123.16;1,957.65;5,495.48
14.06.2023;25,129.5;1,650.96;0.3339;33,979.33;15,012.75;3877;123.3;1,942.99;5,360.77
13.06.2023;25,929.4;1,739.60;0.3421;34,212.12;14,914.25;3923;123.6;1,943.33;5,429.05
12.06.2023;25,906.8;1,742.60;0.3429;34,066.33;14,800.50;3932;123.9;1,956.92;5,588.98
9.06.2023;26,479.3;1,840.41;0.4051;33,876.78;14,556.25;3936;123.89;1,960.60;5,626.49
8.06.2023;26,501.1;1,845.68;0.4168;33,833.61;14,503.00;3943;125.49;1,967.76;5,554.00
7.06.2023;26,342.5;1,832.10;0.4198;33,665.02;14,331.50;4030;124.04;1,939.63;5,561.18
6.06.2023;27,230.2;1,884.17;0.4615;33,573.28;14,586.50;3998;125.74;1,962.85;5,388.80
5.06.2023;25,747.4;1,811.20;0.4575;33,562.86;14,588.75;4163;125.31;1,961.76;5,372.66
2.06.2023;27,244.7;1,907.10;0.4844;33,762.76;14,575.25;4204;125.34;1,947.63;5,114.97
1.06.2023;26,819.0;1,861.77;0.4726;33,061.57;14,472.25;4313;126.4;1,977.88;4,959.80
31.05.2023;27,216.1;1,873.63;0.463;32,908.27;14,300.50;4483;122.39;1,962.30;4,886.91
30.05.2023;27,698.2;1,900.59;0.48;33,042.78;14,396.75;4523;120.52;1,959.14;4,951.35
26.05.2023;26,711.5;1,827.80;0.4648;33,093.34;14,332.50;4560;121.71;1,946.33;4,580.67
25.05.2023;26,475.8;1,805.69;0.4659;32,764.65;13,976.50;4686;121.12;1,940.34;4,427.99
24.05.2023;26,328.4;1,799.91;0.4551;32,799.92;13,650.25;4733;123.64;1,957.01;4,424.92
23.05.2023;27,220.7;1,854.08;0.4783;33,055.51;13,728.75;4685;126.87;1,974.73;4,470.97
22.05.2023;26,847.3;1,817.19;0.4807;33,286.58;13,902.50;4686;127.49;1,969.43;4,466.19
18.05.2023;26,828.0;1,800.99;0.5016;33,535.91;13,894.00;4614;127.3;1,958.05;4,501.73
17.05.2023;27,403.1;1,821.73;0.5085;33,420.77;13,643.50;4717;130.26;1,981.72;4,661.68
16.05.2023;27,035.3;1,823.98;0.4834;33,012.14;13,483.25;4812;131.13;1,988.60;4,589.71
15.05.2023;27,183.9;1,817.11;0.4679;33,348.60;13,468.00;4712;134.68;2,020.60;4,501.21
12.05.2023;26,799.2;1,807.31;0.4555;33,300.62;13,396.25;4784;133.52;2,011.15;4,795.61
11.05.2023;26,983.5;1,794.71;0.4507;33,309.51;13,446.50;4754;133.46;2,015.55;4,848.01
10.05.2023;27,603.3;1,840.92;0.4767;33,531.33;13,409.50;4801;138.91;2,029.51;4,494.48
9.05.2023;27,634.9;1,846.56;0.4672;33,561.81;13,264.75;4877;140.06;2,034.17;4,536.20
8.05.2023;27,670.5;1,847.48;0.4726;33,618.69;13,352.25;4853;140.15;2,021.39;4,561.94
5.05.2023;29,513.2;1,993.33;0.5383;33,674.38;13,317.75;4891;140.59;2,016.54;4,400.76
4.05.2023;28,842.1;1,877.06;0.5329;33,127.74;13,043.75;5104;141.11;2,051.11;4,484.35
3.05.2023;29,023.6;1,904.74;0.5439;33,414.24;13,100.75;4976;137.84;2,039.02;4,485.97
2.05.2023;28,669.1;1,869.74;0.5317;33,684.53;13,184.50;4896;137.58;2,016.28;4,506.24
28.04.2023;29,321.8;1,891.14;0.5507;34,098.16;13,320.25;4885;133.98;1,989.65;4,617.93
27.04.2023;29,475.9;1,908.81;0.5556;33,826.16;13,231.25;4915;134.6;1,987.87;4,789.63
26.04.2023;28,424.6;1,866.05;0.5421;33,301.87;12,887.75;4981;133.07;1,989.48;4,783.50
25.04.2023;28,298.8;1,865.95;0.5608;33,530.83;12,809.50;5056;134.44;1,997.87;4,891.01
24.04.2023;27,509.3;1,841.88;0.5539;33,875.40;13,056.50;4838;134.97;1,988.88;5,022.79
20.04.2023;28,240.5;1,942.72;0.5912;33,786.62;13,074.25;4844;135.94;2,004.34;5,012.34
19.04.2023;28,813.7;1,935.97;0.6163;33,897.01;13,183.00;4768;136.09;1,993.26;5,061.22
18.04.2023;30,382.2;2,103.34;0.6858;33,976.63;13,193.00;4745;138.92;2,004.93;5,018.70
17.04.2023;29,434.9;2,074.74;0.6929;33,987.18;13,186.50;4715;138.26;1,994.77;5,059.35
14.04.2023;30,472.5;2,099.98;0.6396;33,886.47;13,181.25;4809;141.54;2,003.04;5,092.88
13.04.2023;30,387.4;2,012.11;0.6165;34,029.69;13,209.75;4801;144.37;2,039.73;5,135.55
12.04.2023;29,886.4;1,916.58;0.6084;33,646.50;12,952.25;4870;140.3;2,014.67;5,146.11
11.04.2023;30,209.6;1,889.86;0.6072;33,684.79;13,074.75;4880;139.04;2,003.14;5,124.25
10.04.2023;29,641.0;1,910.36;0.6127;33,586.52;13,158.00;4900;137.36;1,989.95;5,092.31
6.04.2023;28,036.7;1,872.35;0.6008;33,485.29;13,170.75;4975;138.69;2,008.02;4,912.81
5.04.2023;28,173.5;1,908.96;0.6165;33,482.72;13,079.75;5012;138.2;2,020.35;4,919.87
4.04.2023;28,164.4;1,870.52;0.5968;33,402.38;13,219.00;5009;138.03;2,019.97;4,984.11
3.04.2023;27,802.1;1,810.77;0.5895;33,601.15;13,270.00;4892;133.72;1,984.11;4,839.46
31.03.2023;28,473.7;1,821.62;0.5881;33,274.15;13,301.75;4982;131.44;1,967.90;4,812.93
30.03.2023;28,029.5;1,793.59;0.5787;32,859.03;13,082.00;4991;132.01;1,980.25;4,896.07
29.03.2023;28,350.4;1,793.27;0.5973;32,717.60;12,965.00;4974;130.0;1,964.04;4,943.18
28.03.2023;27,262.2;1,772.63;0.5756;32,394.25;12,732.50;5060;130.3;1,973.69;4,811.45
27.03.2023;27,129.8;1,714.65;0.5622;32,432.08;12,788.50;5104;127.29;1,956.56;4,997.80
24.03.2023;27,462.2;1,749.26;0.5864;32,237.53;12,890.25;5259;127.03;1,977.22;5,031.98
23.03.2023;28,310.7;1,814.08;0.6135;32,105.25;12,854.00;5306;125.59;1,993.50;5,061.99
22.03.2023;27,261.7;1,734.48;0.5802;32,030.11;12,707.00;5163;123.26;1,969.58;5,001.06
21.03.2023;28,114.0;1,803.54;0.6173;32,560.60;12,867.25;5128;121.5;1,940.15;4,906.63
20.03.2023;27,720.5;1,732.31;0.5969;32,244.58;12,688.50;5427;125.67;1,978.71;4,975.47
17.03.2023;27,391.8;1,789.38;0.6447;31,861.98;12,594.65;5540;123.86;1,987.93;5,136.44
16.03.2023;25,004.1;1,673.85;0.5727;32,246.55;12,583.00;5170;118.16;1,919.12;5,229.58
15.03.2023;24,282.7;1,649.65;0.5561;31,874.57;12,247.75;5467;118.56;1,918.10;5,121.57
14.03.2023;24,699.7;1,700.15;0.6109;32,155.40;12,207.00;5161;119.11;1,902.12;5,207.32
13.03.2023;24,114.4;1,673.93;0.5952;31,819.14;11,931.75;5351;117.94;1,913.23;5,323.19
10.03.2023;20,156.7;1,426.75;0.5268;31,909.64;11,840.25;5212;111.59;1,867.83;5,384.56
9.03.2023;20,361.8;1,438.50;0.517;32,254.86;12,007.25;4876;110.53;1,830.89;5,446.22
8.03.2023;21,710.8;1,533.04;0.5473;32,798.40;12,228.25;4607;111.25;1,813.59;5,438.38
7.03.2023;22,197.8;1,561.78;0.5903;32,856.46;12,169.00;4660;111.69;1,813.52;5,381.90
6.03.2023;22,410.0;1,565.84;0.6101;33,431.44;12,323.50;4583;116.79;1,846.85;5,392.31
3.03.2023;22,354.4;1,568.89;0.6019;33,390.97;12,311.25;4667;118.9;1,854.97;5,212.38
2.03.2023;23,465.4;1,647.38;0.6382;33,003.57;12,062.00;4746;116.95;1,836.00;5,261.41
1.03.2023;23,642.2;1,666.09;0.6575;32,661.84;11,961.75;4882;116.94;1,836.81;5,322.65
28.02.2023;23,130.5;1,604.69;0.6263;32,656.70;12,072.25;4825;113.72;1,827.15;5,237.33
27.02.2023;23,494.1;1,633.66;0.6538;32,889.09;12,083.25;4892;112.75;1,817.31;5,197.44
24.02.2023;23,191.5;1,608.24;0.6688;32,816.92;11,997.00;4995;111.84;1,810.81;5,058.75
23.02.2023;23,936.3;1,650.52;0.7023;33,153.91;12,207.50;4864;112.87;1,822.64;5,086.20
22.02.2023;24,186.6;1,643.39;0.7013;33,045.09;12,097.50;4952;114.14;1,825.04;5,071.41
21.02.2023;24,450.7;1,659.41;0.7047;33,129.59;12,096.75;5033;116.36;1,834.32;5,149.39
17.02.2023;24,573.5;1,693.96;0.7159;33,826.69;12,390.00;4826;117.64;1,841.59;5,026.83
16.02.2023;23,539.6;1,640.66;0.6798;33,696.85;12,482.50;4815;119.29;1,837.44;5,008.58
15.02.2023;24,327.9;1,675.43;0.7303;34,128.05;12,730.00;4696;119.31;1,836.19;4,950.47
8.02.2023;22,964.6;1,650.99;0.7674;33,949.01;12,545.25;4803;126.66;1,875.59;4,505.34
7.02.2023;23,251.7;1,671.40;0.806;34,156.69;12,776.75;4660;127.66;1,873.81;4,505.34
6.02.2023;22,761.8;1,613.72;0.7085;33,891.02;12,515.50;4743;126.2;1,867.36;4,930.18
3.02.2023;23,431.2;1,663.79;0.7896;33,926.01;12,624.00;4708;127.6;1,865.53;4,997.63
2.02.2023;23,427.6;1,641.71;0.7826;34,053.94;12,846.75;4647;132.59;1,912.37;4,752.24
1.02.2023;23,725.6;1,642.10;0.804;34,092.96;12,414.25;4573;136.1;1,950.42;4,713.39
31.01.2023;23,125.1;1,585.27;0.7495;34,086.04;12,152.00;4646;133.51;1,927.88;4,976.55
30.01.2023;22,832.2;1,566.50;0.7523;33,717.09;11,968.00;4706;132.86;1,922.52;5,096.29
27.01.2023;23,074.6;1,597.60;0.6793;33,978.08;12,222.25;4668;134.79;1,927.34;5,191.83
26.01.2023;23,016.0;1,602.55;0.6768;33,949.41;12,106.75;4733;136.89;1,928.99;5,231.02
25.01.2023;23,055.1;1,611.20;0.688;33,743.84;11,873.25;4785;139.16;1,945.93;5,297.77
24.01.2023;22,632.5;1,556.15;0.6614;33,733.96;11,909.50;4788;136.55;1,937.45;5,366.52
23.01.2023;22,915.5;1,626.53;0.7237;33,629.56;11,934.00;4939;135.5;1,931.30;5,404.43
20.01.2023;22,677.2;1,659.98;0.7334;33,375.49;11,677.00;4990;135.67;1,926.57;5,490.34
19.01.2023;21,081.2;1,551.62;0.6459;33,044.56;11,356.50;5108;133.59;1,931.39;5,422.37
18.01.2023;20,670.6;1,511.31;0.6367;33,296.96;11,475.75;5122;131.16;1,903.76;5,384.17
17.01.2023;21,137.1;1,564.67;0.6871;33,910.85;11,624.50;4967;132.25;1,908.39;5,315.03
13.01.2023;19,927.0;1,450.86;0.531;34,302.61;11,608.00;4969;136.7;1,920.21;4,984.86
12.01.2023;18,851.3;1,416.08;0.4128;34,189.97;11,534.25;5071;135.1;1,896.86;4,970.71
11.01.2023;17,942.3;1,389.84;0.4052;33,973.01;11,476.50;5198;133.08;1,876.38;4,728.88
10.01.2023;17,439.1;1,335.13;0.4024;33,704.10;11,282.00;5196;133.95;1,877.27;4,987.99
9.01.2023;17,180.1;1,320.51;0.3941;33,517.65;11,185.50;5325;131.33;1,871.59;5,170.97
6.01.2023;16,950.9;1,269.14;0.3278;33,630.61;11,113.50;5327;132.04;1,865.71;5,341.96
5.01.2023;16,829.8;1,250.95;0.3212;32,930.08;10,820.25;5460;128.9;1,833.19;5,116.41
4.01.2023;16,852.1;1,256.92;0.3221;33,269.77;10,999.25;5444;129.69;1,854.09;5,523.49
3.01.2023;16,674.2;1,214.57;0.3092;33,136.37;10,945.50;5569;124.19;1,839.49;5,626.57
30.12.2022;16,607.2;1,199.80;0.2927;33,147.25;11,022.25;5679;120.86;1,824.40;5,509.16
29.12.2022;16,636.4;1,200.84;0.2948;33,220.80;11,032.75;5661;121.62;1,814.89;5,476.92
28.12.2022;16,546.2;1,189.98;0.3051;32,875.71;10,772.75;5713;121.07;1,804.09;5,345.61
27.12.2022;16,706.1;1,211.60;0.3217;33,241.56;10,915.50;5716;124.85;1,813.93;5,434.51
23.12.2022;16,779.1;1,220.03;0.3337;33,203.93;11,075.25;5722;121.89;1,797.91;5,454.79
22.12.2022;16,820.6;1,217.57;0.3119;33,027.49;11,054.25;5806;121.09;1,792.57;5,447.23
21.12.2022;16,831.8;1,213.85;0.3063;33,376.48;11,334.50;5634;121.92;1,814.13;5,429.13
20.12.2022;16,902.8;1,217.20;0.3135;32,849.74;11,175.75;5761;120.62;1,817.41;5,419.02
19.12.2022;16,441.3;1,167.80;0.3028;32,757.54;11,193.25;5786;115.67;1,787.44;5,391.91
16.12.2022;16,629.6;1,166.70;0.3386;32,920.46;11,327.04;5854;117.58;1,792.34;5,214.29
15.12.2022;17,356.1;1,266.32;0.3755;33,202.22;11,347.25;5783;116.89;1,776.66;5,188.82
14.12.2022;17,796.4;1,307.30;0.3818;33,966.35;11,750.75;5576;122.02;1,807.27;5,066.50
13.12.2022;17,778.6;1,320.76;0.3918;34,108.64;11,839.75;5637;122.82;1,810.29;5,256.19
12.12.2022;17,210.4;1,275.02;0.384;34,005.04;11,711.75;5742;119.92;1,781.15;5,193.30
9.12.2022;17,125.7;1,262.86;0.3955;33,476.46;11,569.75;5815;119.9;1,796.63;5,005.30
8.12.2022;17,225.7;1,280.29;0.3997;33,781.48;11,645.50;5737;121.77;1,789.23;4,855.92
7.12.2022;16,835.2;1,231.04;0.3941;33,597.92;11,509.50;5820;121.56;1,786.22;4,827.04
6.12.2022;17,089.3;1,271.26;0.4157;33,596.34;11,566.00;5781;119.41;1,770.91;5,000.14
5.12.2022;16,966.5;1,259.56;0.4202;33,947.10;11,805.75;5749;120.19;1,768.39;4,957.77
2.12.2022;17,093.6;1,295.69;0.4206;34,429.88;12,010.25;5673;124.4;1,797.82;4,962.97
1.12.2022;16,972.0;1,276.05;0.4043;34,395.01;12,062.75;5749;124.37;1,802.89;5,046.19
30.11.2022;17,163.9;1,294.41;0.4125;34,589.77;12,042.25;5804;120.73;1,768.45;4,977.64
29.11.2022;16,440.4;1,216.55;0.3934;33,852.53;11,524.75;5947;116.59;1,749.73;4,962.48
28.11.2022;16,211.7;1,167.73;0.3866;33,849.46;11,616.25;6009;113.36;1,740.75;4,923.23
25.11.2022;16,512.3;1,198.12;0.3906;34,347.03;11,782.75;5865;118.26;1,756.14;4,874.34
23.11.2022;16,623.9;1,185.79;0.3971;34,194.06;11,862.75;5809;119.52;1,749.28;4,854.16
22.11.2022;16,212.9;1,139.74;0.3825;34,098.10;11,754.50;5878;118.17;1,740.24;4,780.74
21.11.2022;15,776.2;1,107.46;0.3698;33,700.28;11,588.00;6008;113.04;1,737.81;4,570.32
18.11.2022;16,638.3;1,207.31;0.4113;33,745.69;11,708.00;6112;113.8;1,749.74;4,526.73
17.11.2022;16,691.2;1,205.17;0.4167;33,546.32;11,710.50;6155;112.81;1,760.87;4,507.24
16.11.2022;16,540.5;1,206.16;0.4281;33,553.83;11,739.50;6181;114.89;1,773.77;4,668.52
15.11.2022;16,895.1;1,253.45;0.4508;33,592.92;11,904.25;6245;115.95;1,778.25;4,657.00
14.11.2022;16,613.7;1,242.64;0.4416;33,536.70;11,734.75;6215;117.2;1,771.80;4,570.20
11.11.2022;17,049.9;1,288.63;0.497;33,747.86;11,848.00;6209;117.4;1,770.69;4,455.53
10.11.2022;17,589.1;1,299.15;0.5309;33,715.37;11,632.25;6172;116.38;1,754.75;4,467.10
9.11.2022;15,886.9;1,100.84;0.4579;32,513.94;10,830.75;6341;108.96;1,706.32;4,360.96
8.11.2022;18,527.4;1,335.25;0.5658;33,160.83;11,094.25;6185;112.14;1,712.52;4,360.28
7.11.2022;20,589.0;1,567.57;0.6641;32,827.00;11,014.25;6084;106.64;1,674.68;4,331.66
4.11.2022;21,145.9;1,645.01;0.696;32,403.22;10,890.25;6117;106.3;1,680.27;4,216.98
3.11.2022;20,206.4;1,531.08;0.637;32,001.25;10,728.00;6202;96.97;1,629.15;4,105.46
2.11.2022;20,154.4;1,519.04;0.6231;32,147.76;10,944.50;6296;99.24;1,634.89;4,071.87
1.11.2022;20,483.5;1,579.64;0.6506;32,653.20;11,332.00;6198;105.43;1,647.50;4,054.67
31.10.2022;20,496.3;1,572.89;0.6725;32,732.95;11,447.25;6281;103.31;1,633.12;3,978.96
28.10.2022;20,594.4;1,554.47;0.6419;32,861.80;11,587.00;6331;104.88;1,641.76;3,878.98
27.10.2022;20,292.9;1,514.19;0.6278;32,033.28;11,235.25;6437;105.65;1,662.94;3,934.52
26.10.2022;20,769.5;1,566.16;0.6378;31,839.11;11,446.00;6495;107.12;1,664.49;3,976.36
25.10.2022;20,082.7;1,459.60;0.6251;31,836.74;11,713.50;6589;103.86;1,652.52;3,975.01
24.10.2022;19,331.5;1,343.88;0.6031;31,499.62;11,478.75;6743;102.38;1,648.60;3,977.51
21.10.2022;19,162.6;1,299.76;0.6145;31,082.56;11,358.50;6799;103.69;1,656.66;3,934.63
20.10.2022;19,042.9;1,282.87;0.6013;30,333.59;11,090.75;6816;98.65;1,627.66;3,900.85
19.10.2022;19,123.9;1,285.32;0.6064;30,423.81;11,153.25;6828;97.28;1,628.49;3,880.34
18.10.2022;19,328.2;1,310.81;0.6315;30,523.80;11,198.75;6813;99.98;1,651.83;3,841.56
17.10.2022;19,548.2;1,331.12;0.6486;30,185.82;11,110.25;6925;99.08;1,649.94;3,847.62
14.10.2022;19,181.8;1,296.74;0.6231;29,634.83;10,744.00;7023;96.42;1,641.76;3,626.96
13.10.2022;19,379.8;1,287.34;0.6353;30,038.72;11,083.75;6907;100.96;1,665.80;3,553.43
12.10.2022;19,154.8;1,294.57;0.6475;29,210.85;10,840.50;7054;101.83;1,672.51;3,517.75
11.10.2022;19,059.1;1,279.97;0.6512;29,239.19;10,845.00;7107;101.08;1,665.31;3,571.55
10.10.2022;19,134.6;1,290.04;0.6659;29,202.88;10,984.50;7016;101.89;1,667.96;3,582.03
7.10.2022;19,531.3;1,330.99;0.695;29,296.79;11,101.50;6897;103.31;1,694.52;3,567.60
6.10.2022;19,956.7;1,352.27;0.6953;29,926.94;11,541.75;6736;108.38;1,710.85;3,553.85
5.10.2022;20,157.5;1,352.07;0.703;30,273.87;11,623.75;6622;107.28;1,715.81;3,484.42
4.10.2022;20,340.2;1,361.48;0.7045;30,316.32;11,640.75;6611;108.9;1,726.24;3,458.03
3.10.2022;19,628.3;1,323.41;0.6969;29,490.89;11,285.75;6707;106.0;1,699.22;3,392.13
30.09.2022;19,423.0;1,328.73;0.6984;28,725.51;11,035.50;6857;100.91;1,659.67;3,179.99
29.09.2022;19,593.0;1,336.08;0.709;29,225.61;11,228.25;6783;99.35;1,660.29;3,146.89
28.09.2022;19,411.0;1,337.37;0.7036;29,683.74;11,555.75;6663;98.17;1,659.44;3,198.16
27.09.2022;19,081.0;1,328.23;0.6922;29,134.99;11,333.75;6797;92.06;1,628.80;3,265.64
26.09.2022;19,225.7;1,337.06;0.7033;29,260.81;11,316.25;6746;91.4;1,621.57;3,260.15
23.09.2022;19,293.5;1,327.96;0.7206;29,590.41;11,376.75;6566;93.81;1,643.09;3,281.61
22.09.2022;19,404.0;1,326.44;0.7206;30,076.68;11,565.50;6356;99.03;1,670.53;3,295.27
21.09.2022;18,489.0;1,247.74;0.6814;30,183.78;11,710.00;6380;99.53;1,673.74;3,245.76
20.09.2022;18,872.4;1,323.33;0.707;30,706.23;11,922.25;6284;99.72;1,663.11;3,277.50
19.09.2022;19,538.9;1,376.00;0.7267;31,019.68;12,024.00;6216;102.42;1,675.78;3,199.54
16.09.2022;19,802.4;1,434.01;0.7412;30,822.42;11,814.58;6365;99.76;1,674.94;3,377.33
15.09.2022;19,701.7;1,472.64;0.7195;30,961.82;11,934.75;6359;99.18;1,663.74;3,363.12
14.09.2022;20,222.5;1,637.92;0.7446;31,135.09;12,142.00;6381;102.26;1,695.80;3,446.96
13.09.2022;20,175.5;1,574.47;0.7308;31,104.97;12,036.50;6379;102.38;1,701.55;3,426.88
12.09.2022;22,395.3;1,716.42;0.7943;32,381.34;12,740.75;6051;106.58;1,724.07;3,649.21
9.09.2022;21,365.2;1,718.81;0.8062;32,151.71;12,592.50;6116;105.0;1,716.05;3,521.38
7.09.2022;19,281.5;1,629.51;0.7638;31,581.28;12,263.25;6178;100.68;1,717.69;3,402.81
6.09.2022;18,786.4;1,557.85;0.7366;31,145.30;12,019.00;6350;97.08;1,701.15;3,391.38
2.09.2022;19,952.7;1,575.34;0.7757;31,318.44;12,104.25;6300;98.07;1,711.44;3,222.74
1.09.2022;20,126.1;1,585.48;0.78;31,656.42;12,292.25;6278;94.71;1,696.09;3,142.74
31.08.2022;20,043.9;1,555.12;0.7733;31,510.43;12,285.25;6325;98.05;1,710.70;3,171.21
29.08.2022;20,295.8;1,552.60;0.7961;32,098.99;12,492.75;6309;102.51;1,737.82;3,164.96
26.08.2022;20,249.9;1,508.08;0.777;32,283.40;12,620.50;6345;103.84;1,736.86;3,146.10
25.08.2022;21,565.4;1,695.37;0.8388;33,291.78;13,156.00;6072;108.77;1,758.44;3,136.77
24.08.2022;21,365.2;1,656.64;0.8318;32,969.23;12,929.75;6177;107.77;1,750.89;3,060.30
23.08.2022;21,517.2;1,664.89;0.8361;32,909.59;12,896.50;6278;106.22;1,747.67;3,121.52
22.08.2022;21,416.3;1,626.75;0.8316;33,063.61;12,909.75;6330;103.92;1,735.70;3,062.49
19.08.2022;20,831.3;1,609.48;0.8423;33,706.74;13,268.50;6155;104.07;1,747.83;3,020.20
18.08.2022;23,203.6;1,846.51;0.9239;33,999.04;13,523.25;6013;106.73;1,758.20;3,020.01
17.08.2022;23,338.0;1,834.18;0.9694;33,980.32;13,493.25;6044;106.0;1,761.05;2,980.00
16.08.2022;23,856.8;1,876.70;10281.0;34,152.01;13,658.25;6016;110.1;1,775.54;2,913.30
15.08.2022;24,101.7;1,900.25;10529.0;33,912.44;13,681.25;5984;109.54;1,778.91;2,857.18
12.08.2022;24,398.7;1,957.63;10678.0;33,761.05;13,577.75;6052;111.62;1,801.76;2,864.25
11.08.2022;23,935.3;1,880.28;10528.0;33,336.67;13,311.25;6115;109.43;1,789.45;2,868.44
10.08.2022;23,962.9;1,853.46;10725.0;33,309.51;13,392.00;6081;111.8;1,792.13;2,829.58
9.08.2022;23,146.7;1,702.80;10188.0;32,774.41;13,031.50;6286;110.46;1,794.08;2,785.16
8.08.2022;23,816.3;1,778.42;10854.0;32,832.54;13,183.25;6248;110.67;1,788.52;2,795.06
5.08.2022;23,308.2;1,737.71;10693.0;32,803.47;13,228.75;6229;108.0;1,774.15;2,750.49
4.08.2022;22,612.1;1,606.94;0.9927;32,726.82;13,327.00;6266;108.18;1,790.97;2,723.67
3.08.2022;22,820.8;1,618.08;0.9622;32,812.50;13,271.50;6204;104.56;1,764.90;2,684.46
2.08.2022;22,988.6;1,631.48;0.9605;32,396.17;12,924.50;6378;106.48;1,759.75;2,647.59
1.08.2022;23,271.2;1,630.10;10134.0;32,798.40;12,962.50;6300;107.98;1,771.73;2,656.32
29.07.2022;23,774.3;1,720.77;0.9701;32,845.13;12,971.50;6194;108.73;1,765.22;2,592.38
28.07.2022;23,850.0;1,726.01;0.9794;32,529.63;12,737.50;6254;107.02;1,755.11;2,543.33
27.07.2022;22,958.3;1,636.01;0.9545;32,197.59;12,619.00;6429;104.19;1,733.89;2,544.12
26.07.2022;21,248.7;1,450.70;0.8792;31,761.54;12,112.50;6584;102.25;1,717.00;2,537.12
25.07.2022;21,301.9;1,438.52;0.8743;31,990.04;12,354.50;6535;100.65;1,718.78;2,548.49
22.07.2022;22,675.2;1,534.85;0.9321;31,899.29;12,423.50;6535;103.06;1,726.46;2,516.56
21.07.2022;23,153.0;1,575.68;0.9389;32,036.90;12,640.00;6554;104.39;1,718.49;2,511.37
20.07.2022;23,215.2;1,520.64;0.92;31,874.84;12,465.25;6577;103.02;1,696.43;2,525.20
19.07.2022;23,410.2;1,543.50;10015.0;31,827.05;12,274.00;6661;105.87;1,711.07;2,501.96
18.07.2022;22,525.8;1,584.77;0.9233;31,072.61;11,907.00;6756;104.65;1,709.01;2,451.27
14.07.2022;20,586.0;1,192.75;0.8378;30,630.17;11,797.50;6823;103.44;1,709.45;2,382.44
13.07.2022;20,250.0;1,115.83;0.8134;30,772.79;11,762.25;6773;108.27;1,735.23;2,408.08
8.07.2022;21,611.2;1,216.33;0.8974;31,338.15;12,152.00;6634;108.97;1,741.82;2,434.02
7.07.2022;21,637.8;1,238.15;0.9354;31,384.55;12,138.50;6712;109.74;1,739.61;2,425.56
6.07.2022;20,561.1;1,186.45;0.9146;31,037.68;11,880.25;6747;107.79;1,738.30;2,408.15
5.07.2022;20,200.6;1,133.90;0.8749;30,967.82;11,808.50;6797;108.15;1,764.35;2,371.25
1.07.2022;19,262.9;1,058.94;0.836;31,097.26;11,611.25;6800;114.1;1,810.18;2,443.77
30.06.2022;19,926.6;1,069.05;0.8821;30,775.43;11,529.50;6900;111.12;1,806.89;2,405.36
29.06.2022;20,111.3;1,099.51;0.8799;31,029.31;11,691.00;6824;115.79;1,817.11;2,401.96
28.06.2022;20,278.0;1,143.97;0.8882;30,946.99;11,674.25;6802;117.05;1,819.69;2,490.24
27.06.2022;20,730.2;1,190.84;0.9635;31,438.26;12,040.50;6687;120.25;1,822.73;2,529.26
24.06.2022;21,226.9;1,225.03;0.9358;31,500.68;12,140.50;6779;119.34;1,826.18;2,554.08
23.06.2022;21,100.7;1,144.19;0.8947;30,677.36;11,737.50;6857;115.8;1,822.43;2,543.21
22.06.2022;19,965.8;1,049.02;0.8357;30,483.13;11,565.75;6848;120.28;1,837.39;2,574.30
21.06.2022;20,720.4;1,125.96;0.8439;30,530.25;11,577.25;6997;122.86;1,832.56;2,575.86
17.06.2022;20,444.6;1,086.47;0.8383;29,888.78;11,130.39;7104;121.42;1,839.35;2,533.33
16.06.2022;20,386.6;1,068.49;0.8111;29,927.07;11,124.75;7280;123.32;1,856.71;2,485.36
15.06.2022;22,577.9;1,237.92;0.9227;30,668.53;11,593.75;6978;121.9;1,833.38;2,531.11
14.06.2022;22,157.3;1,210.84;0.8214;30,364.83;11,314.25;7230;120.61;1,808.10;2,508.91
13.06.2022;22,448.0;1,206.67;0.8254;30,516.74;11,296.50;7368;123.74;1,818.77;2,510.14
10.06.2022;29,083.3;1,663.02;0.8913;31,392.79;11,840.00;6903;132.92;1,870.96;2,543.10
9.06.2022;30,097.8;1,788.06;0.9727;32,272.79;12,275.00;6619;127.15;1,847.61;2,571.57
8.06.2022;30,201.6;1,793.00;0.9793;32,910.90;12,615.75;6445;132.06;1,853.26;2,540.36
7.06.2022;31,128.8;1,813.72;10214.0;33,180.14;12,711.50;6443;132.99;1,851.97;2,648.19
6.06.2022;31,367.6;1,859.99;10155.0;32,915.78;12,605.00;6553;132.26;1,841.00;2,648.12
3.06.2022;29,700.9;1,775.29;0.9798;32,899.70;12,551.00;6581;133.59;1,850.77;2,601.25
2.06.2022;30,455.5;1,834.64;10371.0;33,248.28;12,893.75;6520;136.78;1,868.13;2,601.56
1.06.2022;29,798.5;1,818.07;0.9823;32,813.23;12,551.00;6641;129.79;1,845.55;2,568.76
31.05.2022;31,793.4;1,941.79;10880.0;32,990.12;12,646.50;6674;128.76;1,837.09;2,547.09
27.05.2022;28,601.2;1,724.30;0.9292;33,212.96;12,677.75;6711;132.09;1,852.73;2,438.84
26.05.2022;29,203.5;1,793.42;0.9869;32,637.19;12,279.25;6859;131.28;1,850.02;2,450.84
25.05.2022;29,540.6;1,942.91;10565.0;32,120.28;11,942.25;6840;131.63;1,852.83;2,418.10
24.05.2022;29,648.7;1,979.35;10402.0;31,928.62;11,771.00;6989;132.47;1,865.90;2,375.00
23.05.2022;29,093.3;1,972.93;10307.0;31,880.24;12,035.25;6979;130.43;1,853.22;2,380.90
20.05.2022;29,178.6;1,959.85;10671.0;31,261.90;11,840.75;7003;129.52;1,845.68;2,372.35
18.05.2022;28,683.7;1,912.12;10338.0;31,490.07;11,935.50;7221;123.46;1,815.61;2,393.61
17.05.2022;30,437.5;2,091.14;12188.0;32,654.59;12,560.25;6781;127.32;1,814.67;2,394.83
16.05.2022;29,849.0;2,022.93;11749.0;32,223.42;12,244.75;6834;125.81;1,823.79;2,390.79
13.05.2022;29,284.4;2,009.53;10184.0;32,196.66;12,382.75;6969;124.87;1,811.15;2,419.23
12.05.2022;28,976.0;1,955.36;0.7088;31,730.30;11,947.25;7183;122.19;1,821.72;2,390.98
11.05.2022;29,068.2;2,080.79;0.7712;31,834.11;11,969.75;7249;128.01;1,852.12;2,453.94
10.05.2022;31,007.5;2,342.30;11115.0;32,160.74;12,349.00;7249;128.38;1,838.14;2,490.17
9.05.2022;30,095.0;2,229.10;10638.0;32,245.70;12,193.75;7469;129.96;1,853.92;2,465.71
6.05.2022;36,009.0;2,692.88;14474.0;32,899.37;12,695.75;6979;138.51;1,882.96;2,458.72
5.05.2022;36,544.0;2,747.46;14646.0;32,997.97;12,858.00;7093;140.48;1,876.84;2,466.26
28.04.2022;39,748.0;2,937.01;18051.0;33,916.39;13,454.75;6689;144.08;1,894.34;2,428.42
27.04.2022;39,243.0;2,888.99;18436.0;33,301.93;13,009.00;6887;141.21;1,886.12;2,451.43
26.04.2022;38,113.0;2,810.42;18079.0;33,240.18;13,016.00;6840;141.92;1,905.56;2,418.30
25.04.2022;40,427.0;3,006.04;19774.0;34,049.46;13,535.75;6501;145.8;1,897.69;2,482.60
22.04.2022;39,709.0;2,963.00;20385.0;33,811.40;13,353.50;6596;151.14;1,929.73;2,472.50
21.04.2022;40,482.0;2,983.95;20256.0;34,792.76;13,728.25;6275;156.48;1,951.49;2,556.81
20.04.2022;41,368.0;3,076.38;21037.0;35,160.79;14,004.75;6017;165.22;1,957.41;2,525.93
19.04.2022;41,503.0;3,102.01;21644.0;34,911.20;14,217.25;6120;163.55;1,949.84;2,519.24
18.04.2022;40,803.0;3,055.64;20861.0;34,411.69;13,907.75;6295;167.76;1,978.50;2,510.31
14.04.2022;39,936.0;3,021.93;21192.0;34,451.23;13,893.75;6312;167.76;1,973.52;2,475.41
13.04.2022;41,133.0;3,116.92;21992.0;34,564.59;14,221.50;6213;167.62;1,977.72;2,460.43
12.04.2022;40,078.0;3,027.25;21515.0;34,220.36;13,945.00;6396;163.96;1,966.59;2,463.76
11.04.2022;39,497.0;2,978.29;20551.0;34,308.08;14,000.00;6347;162.77;1,953.43;2,449.11
8.04.2022;42,275.0;3,193.93;22689.0;34,721.12;14,327.00;6169;163.67;1,945.85;2,393.39
7.04.2022;43,448.0;3,228.84;24159.0;34,583.57;14,536.00;6155;159.92;1,932.17;2,345.20
6.04.2022;43,173.0;3,169.58;23310.0;34,496.51;14,505.25;6216;157.99;1,925.48;2,316.40
5.04.2022;45,506.0;3,406.78;25599.0;34,641.18;14,828.00;6144;158.09;1,923.76;2,326.29
4.04.2022;46,629.0;3,520.41;26595.0;34,921.88;15,164.25;5906;162.25;1,932.44;2,311.40
1.04.2022;46,297.0;3,456.18;26478.0;34,818.27;14,863.75;6018;163.2;1,924.30;2,251.68
31.03.2022;45,525.0;3,282.35;26108.0;34,678.35;14,868.75;6083;158.42;1,937.23;2,233.30
30.03.2022;47,075.0;3,385.64;27011.0;35,228.81;15,071.50;5966;159.71;1,933.06;2,230.15
29.03.2022;47,449.0;3,401.89;26959.0;35,294.19;15,237.75;5909;157.48;1,919.19;2,206.50
28.03.2022;47,105.0;3,329.38;26761.0;34,955.89;14,985.25;6028;156.16;1,923.20;2,172.48
25.03.2022;44,331.0;3,103.51;25904.0;34,861.24;14,755.75;6072;160.79;1,957.40;2,175.51
24.03.2022;44,013.0;3,109.25;26943.0;34,707.94;14,763.75;6171;160.6;1,957.48;2,176.20
23.03.2022;42,912.0;3,036.12;25357.0;34,358.50;14,447.00;6209;160.55;1,943.38;2,183.10
22.03.2022;42,373.0;2,969.64;24327.0;34,807.46;14,654.00;6210;157.44;1,921.44;2,188.81
21.03.2022;41,022.0;2,891.63;24054.0;34,552.99;14,370.50;6311;159.15;1,935.95;2,175.03
18.03.2022;41,767.8;2,939.76;24501.0;34,754.93;14,095.31;6285;155.8;1,921.09;2,144.26
17.03.2022;40,914.8;2,812.29;24374.0;34,480.76;14,111.75;6521;156.95;1,942.64;2,133.59
16.03.2022;41,118.7;2,773.94;24916.0;34,063.10;13,953.00;6620;153.08;1,927.93;2,088.80
15.03.2022;39,285.7;2,617.43;22721.0;33,544.34;13,451.75;6972;153.12;1,917.84;2,079.38
14.03.2022;39,671.1;2,589.30;23058.0;32,945.24;13,045.50;7079;151.78;1,951.11;2,088.48
11.03.2022;38,730.2;2,556.96;23050.0;32,944.19;13,292.00;6972;158.72;1,985.29;2,053.85
10.03.2022;39,416.3;2,606.50;23705.0;33,174.07;13,586.00;6876;160.63;1,995.86;2,042.01
9.03.2022;41,929.0;2,726.94;24931.0;33,286.25;13,734.75;6990;157.54;1,991.49;2,042.70
8.03.2022;38,744.8;2,577.21;23944.0;32,632.64;13,267.00;7105;159.08;2,052.41;2,011.35
7.03.2022;38,024.8;2,492.53;23580.0;32,817.38;13,320.75;7118;157.65;1,998.11;1,997.33
4.03.2022;39,142.7;2,622.15;24780.0;33,614.80;13,839.75;6702;155.05;1,968.45;1,990.75
3.03.2022;42,463.0;2,834.91;26387.0;33,794.66;14,030.50;6587;150.18;1,935.21;2,023.29
2.03.2022;43,912.8;2,947.14;27516.0;33,891.35;14,239.25;6499;148.91;1,926.11;1,986.09
1.03.2022;44,420.3;2,975.81;28390.0;33,294.95;14,005.50;6739;149.36;1,943.22;1,969.91
28.02.2022;43,188.2;2,922.50;28469.0;33,892.60;14,228.00;6363;142.81;1,907.90;1,946.19
25.02.2022;39,209.6;2,767.53;27411.0;34,058.75;14,180.50;6137;142.94;1,887.56;1,952.40
24.02.2022;38,339.2;2,596.52;25918.0;33,223.83;13,966.50;6258;140.45;1,903.14;1,851.38
23.02.2022;37,224.6;2,578.15;25541.0;33,131.76;13,507.50;6403;143.26;1,907.55;2,016.03
22.02.2022;38,248.2;2,636.13;26481.0;33,596.61;13,862.75;6166;140.01;1,898.13;2,017.46
18.02.2022;40,000.1;2,779.56;29683.0;34,079.18;13,996.00;6202;142.08;1,897.87;2,032.44
17.02.2022;40,552.8;2,894.03;30818.0;34,312.03;14,164.75;6120;143.5;1,897.27;2,009.99
16.02.2022;43,883.6;3,118.90;32585.0;34,934.27;14,600.00;5824;139.5;1,868.37;2,041.43
15.02.2022;44,544.4;3,182.27;33337.0;34,988.84;14,609.50;5969;135.73;1,853.06;2,038.16
14.02.2022;42,550.3;2,929.31;28412.0;34,566.17;14,253.00;6184;137.16;1,870.29;2,001.94
11.02.2022;42,388.4;2,927.63;29167.0;34,738.06;14,240.50;6199;134.93;1,859.96;2,051.05
10.02.2022;43,521.0;3,071.83;31385.0;35,241.59;14,701.00;5906;128.24;1,826.57;2,038.67
9.02.2022;44,388.9;3,243.62;33435.0;35,768.06;15,038.25;5656;131.6;1,832.43;2,042.85
8.02.2022;44,038.2;3,115.88;34610.0;35,462.78;14,734.50;5765;131.39;1,825.48;2,007.14
7.02.2022;43,833.9;3,140.18;32835.0;35,091.13;14,559.75;5960;128.87;1,820.31;1,997.58
4.02.2022;41,567.6;2,994.99;28108.0;35,089.74;14,685.50;6082;124.58;1,807.49;1,943.81
3.02.2022;37,287.8;2,692.80;26695.0;35,111.16;14,492.25;6269;124.13;1,804.40;1,957.90
2.02.2022;36,890.2;2,681.00;25395.0;35,629.33;15,114.50;5613;126.24;1,806.50;2,002.24
1.02.2022;38,709.7;2,787.16;26823.0;35,405.24;14,994.75;5735;126.46;1,800.65;2,015.43
31.01.2022;38,498.6;2,686.82;28177.0;35,131.86;14,905.00;6202;125.01;1,796.47;2,003.20
28.01.2022;37,745.1;2,545.95;22813.0;34,725.47;14,433.00;6650;121.09;1,791.03;1,983.18
27.01.2022;37,164.3;2,424.66;22548.0;34,160.78;13,986.75;7049;122.14;1,796.51;1,997.69
26.01.2022;36,800.4;2,461.41;21595.0;34,168.09;14,158.50;6986;125.81;1,818.12;1,951.17
25.01.2022;36,950.6;2,458.07;21025.0;34,297.73;14,140.75;6913;129.86;1,847.56;1,945.07
24.01.2022;36,686.3;2,441.01;20824.0;34,364.50;14,501.00;6850;128.4;1,843.06;1,910.29
21.01.2022;36,475.5;2,571.29;22198.0;34,265.37;14,426.50;6823;129.99;1,833.24;2,011.16
20.01.2022;40,715.9;3,004.72;26360.0;34,715.39;14,841.00;6525;133.9;1,838.36;2,014.21
19.01.2022;41,677.8;3,083.65;27312.0;35,028.65;15,033.50;6484;136.48;1,839.96;2,042.08
18.01.2022;42,364.6;3,160.15;28592.0;35,368.47;15,206.00;6444;127.1;1,813.54;1,979.83
14.01.2022;43,073.3;3,307.90;29576.0;35,911.81;15,595.75;6264;128.54;1,817.22;2,072.93
13.01.2022;42,560.0;3,238.03;28947.0;36,113.62;15,490.25;6356;130.0;1,822.09;2,070.65
12.01.2022;43,901.0;3,370.89;30832.0;36,290.32;15,887.25;6186;131.89;1,825.32;2,064.21
11.01.2022;42,733.2;3,237.89;29245.0;36,252.02;15,831.00;6184;129.27;1,822.01;2,046.03
10.01.2022;41,832.2;3,085.43;28140.0;36,068.87;15,608.00;6286;126.49;1,801.41;2,045.16
7.01.2022;41,546.7;3,195.31;30556.0;36,231.66;15,581.00;6362;124.44;1,795.63;2,033.32
6.01.2022;43,097.5;3,407.77;33884.0;36,236.47;15,759.00;6512;123.38;1,788.68;2,007.55
5.01.2022;43,425.9;3,535.86;29145.0;36,407.11;15,766.50;6499;127.66;1,809.53;2,005.29
4.01.2022;45,837.3;3,789.52;31753.0;36,799.65;16,275.75;6298;130.16;1,814.56;1,963.59
3.01.2022;46,430.2;3,764.24;32488.0;36,585.06;16,485.50;6307;129.71;1,800.85;1,926.66
